Cultivo;Producción;Depart;Fecha
Algodón;240;Feliciano;2000
Algodón;80;Feliciano;2001
Algodón;132;Feliciano;2003
Algodón;180;Feliciano;2004
Algodón;154;Feliciano;2005
Algodón;120;Feliciano;2006
Algodón;154;Feliciano;2007
Algodón;154;Feliciano;2008
Algodón;100;Feliciano;2009
Algodón;53;Feliciano;2010
Algodón;620;Feliciano;2011
Algodón;560;Feliciano;2012
Algodón;700;Feliciano;2013
Algodón;750;Feliciano;2014
Algodón;360;Feliciano;2015
Algodón;840;Feliciano;2016
Algodón;780;Feliciano;2017
Algodón;840;Feliciano;2018
Algodón;216;Feliciano;2019
Algodón;480;La Paz;2000
Algodón;150;La Paz;2001
Algodón;152;La Paz;2002
Algodón;240;La Paz;2003
Algodón;300;La Paz;2004
Algodón;288;La Paz;2005
Algodón;180;La Paz;2006
Algodón;288;La Paz;2007
Algodón;288;La Paz;2008
Algodón;100;La Paz;2009
Algodón;67;La Paz;2010
Algodón;1034;La Paz;2011
Algodón;630;La Paz;2012
Algodón;825;La Paz;2013
Algodón;1020;La Paz;2014
Algodón;450;La Paz;2015
Algodón;1200;La Paz;2016
Algodón;910;La Paz;2017
Algodón;700;La Paz;2018
Algodón;144;La Paz;2019
Algodón;150;La Paz;2020
Algodón;120;La Paz;2021
Alpiste;54;Gualeguay;2012
Alpiste;45;Gualeguay;2019
Alpiste;18;Gualeguay;2020
Alpiste;18;Gualeguay;2021
Alpiste;126;La Paz;2014
Alpiste;280;Nogoya;2013
Alpiste;6;Nogoya;2014
Alpiste;96;Tala;2016
Alpiste;100;Tala;2017
Alpiste;75;Tala;2020
Alpiste;780;Uruguay;2004
Alpiste;630;Uruguay;2005
Alpiste;570;Uruguay;2006
Alpiste;130;Uruguay;2007
Alpiste;140;Uruguay;2008
Alpiste;210;Uruguay;2009
Alpiste;1300;Uruguay;2010
Alpiste;400;Uruguay;2011
Alpiste;490;Uruguay;2012
Alpiste;840;Uruguay;2013
Alpiste;360;Uruguay;2014
Alpiste;49;Uruguay;2015
Alpiste;135;Uruguay;2016
Alpiste;88;Uruguay;2017
Alpiste;1040;Uruguay;2018
Alpiste;56;Uruguay;2019
Alpiste;18;Uruguay;2020
Alpiste;3;Uruguay;2021
Alpiste;70;Victoria;2013
Alpiste;36;Victoria;2014
Arroz;74400;Colon;2000
Arroz;35080;Colon;2001
Arroz;41810;Colon;2002
Arroz;33120;Colon;2003
Arroz;48440;Colon;2004
Arroz;45200;Colon;2005
Arroz;46020;Colon;2006
Arroz;52790;Colon;2007
Arroz;66670;Colon;2008
Arroz;60200;Colon;2009
Arroz;77100;Colon;2010
Arroz;54890;Colon;2011
Arroz;37140;Colon;2012
Arroz;45170;Colon;2013
Arroz;55400;Colon;2014
Arroz;46050;Colon;2015
Arroz;45400;Colon;2016
Arroz;41100;Colon;2017
Arroz;29030;Colon;2018
Arroz;28800;Colon;2019
Arroz;35650;Colon;2020
Arroz;36250;Colon;2021
Arroz;47890;Concordia;2000
Arroz;43500;Concordia;2001
Arroz;51450;Concordia;2002
Arroz;40840;Concordia;2003
Arroz;33660;Concordia;2004
Arroz;45410;Concordia;2005
Arroz;42700;Concordia;2006
Arroz;35960;Concordia;2007
Arroz;35490;Concordia;2008
Arroz;43840;Concordia;2009
Arroz;57990;Concordia;2010
Arroz;42960;Concordia;2011
Arroz;36970;Concordia;2012
Arroz;32240;Concordia;2013
Arroz;29230;Concordia;2014
Arroz;17160;Concordia;2015
Arroz;18150;Concordia;2016
Arroz;13100;Concordia;2017
Arroz;10900;Concordia;2018
Arroz;10740;Concordia;2019
Arroz;10423;Concordia;2020
Arroz;13740;Concordia;2021
Arroz;54480;Federacion;2000
Arroz;51250;Federacion;2001
Arroz;64400;Federacion;2002
Arroz;69240;Federacion;2003
Arroz;15340;Federacion;2004
Arroz;53500;Federacion;2005
Arroz;45930;Federacion;2006
Arroz;57450;Federacion;2007
Arroz;53330;Federacion;2008
Arroz;48540;Federacion;2009
Arroz;63400;Federacion;2010
Arroz;56680;Federacion;2011
Arroz;67190;Federacion;2012
Arroz;77220;Federacion;2013
Arroz;66040;Federacion;2014
Arroz;64200;Federacion;2015
Arroz;66490;Federacion;2016
Arroz;69020;Federacion;2017
Arroz;60100;Federacion;2018
Arroz;58340;Federacion;2019
Arroz;60156;Federacion;2020
Arroz;58770;Federacion;2021
Arroz;39250;Federal;2000
Arroz;42250;Federal;2001
Arroz;51300;Federal;2002
Arroz;47560;Federal;2003
Arroz;17360;Federal;2004
Arroz;40400;Federal;2005
Arroz;39500;Federal;2006
Arroz;39410;Federal;2007
Arroz;37320;Federal;2008
Arroz;43730;Federal;2009
Arroz;58450;Federal;2010
Arroz;45300;Federal;2011
Arroz;39780;Federal;2012
Arroz;36270;Federal;2013
Arroz;33370;Federal;2014
Arroz;31400;Federal;2015
Arroz;33320;Federal;2016
Arroz;33925;Federal;2017
Arroz;27550;Federal;2018
Arroz;29790;Federal;2019
Arroz;28320;Federal;2020
Arroz;32165;Federal;2021
Arroz;24640;Feliciano;2000
Arroz;19400;Feliciano;2001
Arroz;25160;Feliciano;2002
Arroz;35280;Feliciano;2003
Arroz;23580;Feliciano;2004
Arroz;42640;Feliciano;2005
Arroz;47600;Feliciano;2006
Arroz;58380;Feliciano;2007
Arroz;56625;Feliciano;2008
Arroz;51060;Feliciano;2009
Arroz;67120;Feliciano;2010
Arroz;59520;Feliciano;2011
Arroz;65190;Feliciano;2012
Arroz;69380;Feliciano;2013
Arroz;66080;Feliciano;2014
Arroz;58880;Feliciano;2015
Arroz;65450;Feliciano;2016
Arroz;65445;Feliciano;2017
Arroz;50050;Feliciano;2018
Arroz;50150;Feliciano;2019
Arroz;52850;Feliciano;2020
Arroz;47900;Feliciano;2021
Arroz;10000;Gualeguaychu;2000
Arroz;2370;Gualeguaychu;2001
Arroz;2620;Gualeguaychu;2002
Arroz;6200;Gualeguaychu;2003
Arroz;6120;Gualeguaychu;2004
Arroz;6520;Gualeguaychu;2005
Arroz;4230;Gualeguaychu;2006
Arroz;4950;Gualeguaychu;2007
Arroz;9600;Gualeguaychu;2008
Arroz;10710;Gualeguaychu;2009
Arroz;21600;Gualeguaychu;2010
Arroz;11050;Gualeguaychu;2011
Arroz;6100;Gualeguaychu;2012
Arroz;11310;Gualeguaychu;2013
Arroz;7100;Gualeguaychu;2014
Arroz;3750;Gualeguaychu;2015
Arroz;2100;Gualeguaychu;2016
Arroz;700;Gualeguaychu;2017
Arroz;28240;La Paz;2000
Arroz;20650;La Paz;2001
Arroz;29220;La Paz;2002
Arroz;38090;La Paz;2003
Arroz;49150;La Paz;2004
Arroz;49400;La Paz;2005
Arroz;49460;La Paz;2006
Arroz;59710;La Paz;2007
Arroz;56600;La Paz;2008
Arroz;53090;La Paz;2009
Arroz;66750;La Paz;2010
Arroz;65150;La Paz;2011
Arroz;73020;La Paz;2012
Arroz;79110;La Paz;2013
Arroz;67910;La Paz;2014
Arroz;58500;La Paz;2015
Arroz;65280;La Paz;2016
Arroz;62580;La Paz;2017
Arroz;51300;La Paz;2018
Arroz;53580;La Paz;2019
Arroz;57260;La Paz;2020
Arroz;54340;La Paz;2021
Arroz;49450;San Salvador;2003
Arroz;54480;San Salvador;2004
Arroz;59000;San Salvador;2005
Arroz;53610;San Salvador;2006
Arroz;54830;San Salvador;2007
Arroz;69320;San Salvador;2008
Arroz;76200;San Salvador;2009
Arroz;91300;San Salvador;2010
Arroz;68800;San Salvador;2011
Arroz;50630;San Salvador;2012
Arroz;61350;San Salvador;2013
Arroz;77310;San Salvador;2014
Arroz;67790;San Salvador;2015
Arroz;73400;San Salvador;2016
Arroz;69810;San Salvador;2017
Arroz;60670;San Salvador;2018
Arroz;53310;San Salvador;2019
Arroz;74000;San Salvador;2020
Arroz;80000;San Salvador;2021
Arroz;49500;Uruguay;2000
Arroz;9550;Uruguay;2001
Arroz;13470;Uruguay;2002
Arroz;27730;Uruguay;2003
Arroz;40360;Uruguay;2004
Arroz;39000;Uruguay;2005
Arroz;35650;Uruguay;2006
Arroz;36610;Uruguay;2007
Arroz;56800;Uruguay;2008
Arroz;50660;Uruguay;2009
Arroz;62320;Uruguay;2010
Arroz;41200;Uruguay;2011
Arroz;22300;Uruguay;2012
Arroz;27350;Uruguay;2013
Arroz;38060;Uruguay;2014
Arroz;31110;Uruguay;2015
Arroz;25610;Uruguay;2016
Arroz;19770;Uruguay;2017
Arroz;13600;Uruguay;2018
Arroz;12510;Uruguay;2019
Arroz;14950;Uruguay;2020
Arroz;15000;Uruguay;2021
Arroz;67000;Villaguay;2000
Arroz;56510;Villaguay;2001
Arroz;64800;Villaguay;2002
Arroz;103930;Villaguay;2003
Arroz;101800;Villaguay;2004
Arroz;101310;Villaguay;2005
Arroz;105800;Villaguay;2006
Arroz;114110;Villaguay;2007
Arroz;140030;Villaguay;2008
Arroz;142270;Villaguay;2009
Arroz;178070;Villaguay;2010
Arroz;125270;Villaguay;2011
Arroz;96170;Villaguay;2012
Arroz;129120;Villaguay;2013
Arroz;137970;Villaguay;2014
Arroz;121160;Villaguay;2015
Arroz;125750;Villaguay;2016
Arroz;118000;Villaguay;2017
Arroz;119390;Villaguay;2018
Arroz;102700;Villaguay;2019
Arroz;140700;Villaguay;2020
Arroz;147950;Villaguay;2021
Arveja;3750;Diamante;2018
Arveja;2400;Diamante;2019
Arveja;1680;Diamante;2020
Arveja;1800;Diamante;2021
Arveja;1800;Diamante;2022
Arveja;750;Gualeguay;2019
Arveja;600;Gualeguay;2020
Arveja;1365;Gualeguay;2021
Arveja;1000;Gualeguay;2022
Arveja;115;Gualeguaychu;2019
Arveja;2375;Gualeguaychu;2021
Arveja;2800;Gualeguaychu;2022
Arveja;5600;Nogoya;2018
Arveja;770;Nogoya;2019
Arveja;715;Nogoya;2020
Arveja;5750;Nogoya;2021
Arveja;3000;Nogoya;2022
Arveja;800;Parana;2019
Arveja;560;Parana;2020
Arveja;800;Parana;2021
Arveja;720;Parana;2022
Arveja;300;San Salvador;2022
Arveja;700;Tala;2019
Arveja;600;Tala;2020
Arveja;1260;Tala;2021
Arveja;1600;Tala;2022
Arveja;230;Uruguay;2019
Arveja;340;Uruguay;2021
Arveja;1400;Uruguay;2022
Arveja;3750;Victoria;2018
Arveja;5250;Victoria;2019
Arveja;2925;Victoria;2020
Arveja;8750;Victoria;2021
Arveja;7020;Victoria;2022
Arveja;300;Villaguay;2019
Arveja;300;Villaguay;2021
Arveja;850;Villaguay;2022
Avena;200;Colon;2000
Avena;50;Colon;2001
Avena;50;Colon;2002
Avena;60;Colon;2003
Avena;60;Colon;2004
Avena;40;Colon;2005
Avena;60;Colon;2006
Avena;60;Colon;2007
Avena;70;Colon;2008
Avena;170;Colon;2009
Avena;200;Colon;2010
Avena;200;Colon;2011
Avena;150;Colon;2012
Avena;390;Colon;2013
Avena;252;Colon;2014
Avena;345;Colon;2015
Avena;250;Colon;2016
Avena;180;Colon;2017
Avena;230;Colon;2018
Avena;200;Colon;2019
Avena;525;Colon;2020
Avena;230;Colon;2021
Avena;1500;Concordia;2000
Avena;1800;Concordia;2001
Avena;2640;Concordia;2002
Avena;1950;Concordia;2003
Avena;1100;Concordia;2004
Avena;1200;Concordia;2005
Avena;1200;Concordia;2006
Avena;600;Concordia;2007
Avena;330;Concordia;2008
Avena;1920;Concordia;2009
Avena;130;Concordia;2010
Avena;600;Concordia;2011
Avena;640;Concordia;2012
Avena;350;Concordia;2013
Avena;750;Concordia;2014
Avena;1800;Concordia;2015
Avena;550;Concordia;2016
Avena;1400;Concordia;2017
Avena;1120;Concordia;2018
Avena;120;Concordia;2019
Avena;0;Concordia;2020
Avena;0;Concordia;2021
Avena;2400;Diamante;2000
Avena;1200;Diamante;2001
Avena;1540;Diamante;2002
Avena;750;Diamante;2003
Avena;650;Diamante;2004
Avena;1200;Diamante;2005
Avena;1400;Diamante;2006
Avena;560;Diamante;2007
Avena;0;Diamante;2008
Avena;1080;Diamante;2009
Avena;750;Diamante;2010
Avena;1080;Diamante;2011
Avena;1440;Diamante;2012
Avena;450;Diamante;2013
Avena;2400;Diamante;2014
Avena;3200;Diamante;2015
Avena;2400;Diamante;2016
Avena;1920;Diamante;2017
Avena;3000;Diamante;2018
Avena;360;Diamante;2019
Avena;120;Diamante;2020
Avena;360;Diamante;2021
Avena;360;Federacion;2000
Avena;300;Federacion;2001
Avena;0;Federacion;2002
Avena;500;Federacion;2003
Avena;0;Federacion;2004
Avena;0;Federacion;2005
Avena;0;Federacion;2006
Avena;0;Federacion;2007
Avena;400;Federacion;2008
Avena;120;Federacion;2009
Avena;240;Federacion;2010
Avena;360;Federacion;2011
Avena;560;Federacion;2012
Avena;220;Federacion;2013
Avena;360;Federacion;2014
Avena;550;Federacion;2015
Avena;770;Federacion;2016
Avena;550;Federacion;2017
Avena;960;Federacion;2018
Avena;0;Federacion;2019
Avena;0;Federacion;2020
Avena;0;Federacion;2021
Avena;900;Federal;2000
Avena;600;Federal;2001
Avena;400;Federal;2002
Avena;500;Federal;2003
Avena;1000;Federal;2004
Avena;1100;Federal;2005
Avena;0;Federal;2006
Avena;480;Federal;2007
Avena;600;Federal;2008
Avena;700;Federal;2009
Avena;390;Federal;2010
Avena;600;Federal;2011
Avena;640;Federal;2012
Avena;560;Federal;2013
Avena;750;Federal;2014
Avena;1200;Federal;2015
Avena;1800;Federal;2016
Avena;2990;Federal;2017
Avena;2550;Federal;2018
Avena;300;Federal;2019
Avena;50;Federal;2020
Avena;0;Federal;2021
Avena;180;Feliciano;2000
Avena;300;Feliciano;2001
Avena;0;Feliciano;2002
Avena;400;Feliciano;2003
Avena;300;Feliciano;2004
Avena;300;Feliciano;2005
Avena;0;Feliciano;2006
Avena;220;Feliciano;2007
Avena;720;Feliciano;2008
Avena;360;Feliciano;2009
Avena;110;Feliciano;2010
Avena;240;Feliciano;2011
Avena;420;Feliciano;2012
Avena;220;Feliciano;2013
Avena;440;Feliciano;2014
Avena;550;Feliciano;2015
Avena;300;Feliciano;2016
Avena;550;Feliciano;2017
Avena;600;Feliciano;2018
Avena;0;Feliciano;2019
Avena;0;Feliciano;2020
Avena;0;Feliciano;2021
Avena;2400;Gualeguay;2000
Avena;640;Gualeguay;2001
Avena;990;Gualeguay;2002
Avena;980;Gualeguay;2003
Avena;1800;Gualeguay;2004
Avena;400;Gualeguay;2005
Avena;360;Gualeguay;2006
Avena;360;Gualeguay;2007
Avena;380;Gualeguay;2008
Avena;830;Gualeguay;2009
Avena;880;Gualeguay;2010
Avena;750;Gualeguay;2011
Avena;510;Gualeguay;2012
Avena;750;Gualeguay;2013
Avena;750;Gualeguay;2014
Avena;750;Gualeguay;2015
Avena;625;Gualeguay;2016
Avena;460;Gualeguay;2017
Avena;2700;Gualeguay;2018
Avena;250;Gualeguay;2019
Avena;1100;Gualeguay;2020
Avena;2565;Gualeguay;2021
Avena;500;Gualeguaychu;2000
Avena;350;Gualeguaychu;2001
Avena;240;Gualeguaychu;2002
Avena;390;Gualeguaychu;2003
Avena;480;Gualeguaychu;2004
Avena;270;Gualeguaychu;2005
Avena;230;Gualeguaychu;2006
Avena;230;Gualeguaychu;2007
Avena;200;Gualeguaychu;2008
Avena;2300;Gualeguaychu;2009
Avena;1150;Gualeguaychu;2010
Avena;580;Gualeguaychu;2011
Avena;380;Gualeguaychu;2012
Avena;1610;Gualeguaychu;2013
Avena;1495;Gualeguaychu;2014
Avena;1495;Gualeguaychu;2015
Avena;1265;Gualeguaychu;2016
Avena;1050;Gualeguaychu;2017
Avena;15600;Gualeguaychu;2018
Avena;1100;Gualeguaychu;2019
Avena;1710;Gualeguaychu;2020
Avena;2125;Gualeguaychu;2021
Avena;3000;La Paz;2000
Avena;3300;La Paz;2001
Avena;3000;La Paz;2002
Avena;2400;La Paz;2003
Avena;500;La Paz;2004
Avena;3000;La Paz;2005
Avena;1800;La Paz;2006
Avena;960;La Paz;2007
Avena;660;La Paz;2008
Avena;2100;La Paz;2009
Avena;1400;La Paz;2010
Avena;1680;La Paz;2011
Avena;3600;La Paz;2012
Avena;700;La Paz;2013
Avena;1200;La Paz;2014
Avena;1400;La Paz;2015
Avena;1820;La Paz;2016
Avena;2100;La Paz;2017
Avena;2400;La Paz;2018
Avena;400;La Paz;2019
Avena;120;La Paz;2020
Avena;300;La Paz;2021
Avena;240;Nogoya;2000
Avena;80;Nogoya;2001
Avena;360;Nogoya;2002
Avena;420;Nogoya;2003
Avena;400;Nogoya;2004
Avena;270;Nogoya;2005
Avena;280;Nogoya;2006
Avena;400;Nogoya;2007
Avena;260;Nogoya;2008
Avena;1750;Nogoya;2009
Avena;1540;Nogoya;2010
Avena;990;Nogoya;2011
Avena;560;Nogoya;2012
Avena;810;Nogoya;2013
Avena;805;Nogoya;2014
Avena;770;Nogoya;2015
Avena;805;Nogoya;2016
Avena;735;Nogoya;2017
Avena;7000;Nogoya;2018
Avena;575;Nogoya;2019
Avena;340;Nogoya;2020
Avena;500;Nogoya;2021
Avena;5500;Parana;2000
Avena;6000;Parana;2001
Avena;3600;Parana;2002
Avena;6000;Parana;2003
Avena;3600;Parana;2004
Avena;4200;Parana;2005
Avena;4290;Parana;2006
Avena;3500;Parana;2007
Avena;0;Parana;2008
Avena;3360;Parana;2009
Avena;2250;Parana;2010
Avena;2700;Parana;2011
Avena;5400;Parana;2012
Avena;1400;Parana;2013
Avena;4500;Parana;2014
Avena;4200;Parana;2015
Avena;6000;Parana;2016
Avena;4200;Parana;2017
Avena;5400;Parana;2018
Avena;480;Parana;2019
Avena;220;Parana;2020
Avena;400;Parana;2021
Avena;70;San Salvador;2003
Avena;80;San Salvador;2004
Avena;70;San Salvador;2005
Avena;40;San Salvador;2006
Avena;30;San Salvador;2007
Avena;50;San Salvador;2008
Avena;200;San Salvador;2009
Avena;300;San Salvador;2010
Avena;200;San Salvador;2011
Avena;120;San Salvador;2012
Avena;580;San Salvador;2013
Avena;140;San Salvador;2014
Avena;180;San Salvador;2015
Avena;90;San Salvador;2016
Avena;180;San Salvador;2017
Avena;250;San Salvador;2018
Avena;190;San Salvador;2019
Avena;90;San Salvador;2020
Avena;105;San Salvador;2021
Avena;240;Tala;2000
Avena;110;Tala;2001
Avena;80;Tala;2002
Avena;120;Tala;2003
Avena;210;Tala;2004
Avena;140;Tala;2005
Avena;140;Tala;2006
Avena;170;Tala;2007
Avena;140;Tala;2008
Avena;1210;Tala;2009
Avena;630;Tala;2010
Avena;720;Tala;2011
Avena;480;Tala;2012
Avena;200;Tala;2013
Avena;483;Tala;2014
Avena;500;Tala;2015
Avena;460;Tala;2016
Avena;400;Tala;2017
Avena;270;Tala;2018
Avena;330;Tala;2019
Avena;85;Tala;2020
Avena;575;Tala;2021
Avena;240;Uruguay;2000
Avena;120;Uruguay;2001
Avena;200;Uruguay;2002
Avena;120;Uruguay;2003
Avena;130;Uruguay;2004
Avena;130;Uruguay;2005
Avena;150;Uruguay;2006
Avena;150;Uruguay;2007
Avena;260;Uruguay;2008
Avena;1000;Uruguay;2009
Avena;700;Uruguay;2010
Avena;420;Uruguay;2011
Avena;300;Uruguay;2012
Avena;500;Uruguay;2013
Avena;273;Uruguay;2014
Avena;575;Uruguay;2015
Avena;230;Uruguay;2016
Avena;210;Uruguay;2017
Avena;500;Uruguay;2018
Avena;460;Uruguay;2019
Avena;1100;Uruguay;2020
Avena;345;Uruguay;2021
Avena;240;Victoria;2000
Avena;40;Victoria;2001
Avena;170;Victoria;2002
Avena;160;Victoria;2003
Avena;190;Victoria;2004
Avena;100;Victoria;2005
Avena;180;Victoria;2006
Avena;140;Victoria;2007
Avena;60;Victoria;2008
Avena;300;Victoria;2009
Avena;380;Victoria;2010
Avena;230;Victoria;2011
Avena;160;Victoria;2012
Avena;70;Victoria;2013
Avena;75;Victoria;2014
Avena;125;Victoria;2015
Avena;135;Victoria;2016
Avena;250;Victoria;2017
Avena;320;Victoria;2018
Avena;125;Victoria;2019
Avena;45;Victoria;2020
Avena;700;Victoria;2021
Avena;500;Villaguay;2000
Avena;180;Villaguay;2001
Avena;180;Villaguay;2002
Avena;150;Villaguay;2003
Avena;210;Villaguay;2004
Avena;180;Villaguay;2005
Avena;140;Villaguay;2006
Avena;150;Villaguay;2007
Avena;210;Villaguay;2008
Avena;2700;Villaguay;2009
Avena;2000;Villaguay;2010
Avena;1050;Villaguay;2011
Avena;750;Villaguay;2012
Avena;1050;Villaguay;2013
Avena;1240;Villaguay;2014
Avena;1170;Villaguay;2015
Avena;1000;Villaguay;2016
Avena;900;Villaguay;2017
Avena;1150;Villaguay;2018
Avena;400;Villaguay;2019
Avena;306;Villaguay;2020
Avena;420;Villaguay;2021
Cebada cervecera;280;Colon;2011
Cebada cervecera;0;Colon;2012
Cebada cervecera;5200;Diamante;2011
Cebada cervecera;7480;Diamante;2012
Cebada cervecera;1440;Diamante;2013
Cebada cervecera;4550;Diamante;2015
Cebada cervecera;600;Federacion;2012
Cebada cervecera;2200;Federal;2011
Cebada cervecera;5000;Federal;2012
Cebada cervecera;3750;Federal;2013
Cebada cervecera;3300;Federal;2014
Cebada cervecera;1860;Federal;2015
Cebada cervecera;1000;Feliciano;2012
Cebada cervecera;0;Gualeguay;2009
Cebada cervecera;60;Gualeguay;2010
Cebada cervecera;0;Gualeguay;2012
Cebada cervecera;1130;Gualeguay;2013
Cebada cervecera;0;Gualeguaychu;2012
Cebada cervecera;720;Gualeguaychu;2013
Cebada cervecera;8400;La Paz;2011
Cebada cervecera;7560;La Paz;2012
Cebada cervecera;6600;La Paz;2013
Cebada cervecera;6400;La Paz;2014
Cebada cervecera;3630;La Paz;2015
Cebada cervecera;780;Nogoya;2010
Cebada cervecera;2500;Nogoya;2011
Cebada cervecera;0;Nogoya;2012
Cebada cervecera;2760;Nogoya;2013
Cebada cervecera;11700;Parana;2011
Cebada cervecera;9900;Parana;2012
Cebada cervecera;8320;Parana;2013
Cebada cervecera;6400;Parana;2014
Cebada cervecera;2640;Parana;2015
Cebada cervecera;2880;San Salvador;2009
Cebada cervecera;130;Tala;2011
Cebada cervecera;0;Tala;2012
Cebada cervecera;1140;Tala;2013
Cebada cervecera;840;Uruguay;2007
Cebada cervecera;150;Uruguay;2009
Cebada cervecera;80;Uruguay;2010
Cebada cervecera;590;Uruguay;2011
Cebada cervecera;0;Uruguay;2012
Cebada cervecera;410;Uruguay;2013
Cebada cervecera;1680;Victoria;2008
Cebada cervecera;780;Victoria;2011
Cebada cervecera;0;Victoria;2012
Cebada cervecera;1800;Victoria;2013
Cebada cervecera;0;Villaguay;2006
Cebada cervecera;450;Villaguay;2009
Cebada cervecera;640;Villaguay;2010
Cebada cervecera;960;Villaguay;2011
Cebada cervecera;0;Villaguay;2012
Cebada forrajera;0;Gualeguaychu;2013
Cebada total;1750;Diamante;2016
Cebada total;3500;Diamante;2017
Cebada total;3500;Diamante;2018
Cebada total;3500;Diamante;2019
Cebada total;2160;Diamante;2020
Cebada total;2720;Diamante;2021
Cebada total;2720;Diamante;2022
Cebada total;3200;Federal;2016
Cebada total;2640;Federal;2017
Cebada total;1700;Federal;2018
Cebada total;1600;Federal;2019
Cebada total;1350;Federal;2020
Cebada total;1700;Federal;2021
Cebada total;1650;Federal;2022
Cebada total;1720;Gualeguay;2019
Cebada total;945;Gualeguay;2020
Cebada total;1080;Gualeguay;2021
Cebada total;698;Gualeguay;2022
Cebada total;0;Gualeguaychu;2020
Cebada total;300;Gualeguaychu;2021
Cebada total;384;Gualeguaychu;2022
Cebada total;3300;La Paz;2016
Cebada total;5250;La Paz;2017
Cebada total;1750;La Paz;2018
Cebada total;1650;La Paz;2019
Cebada total;1300;La Paz;2020
Cebada total;1650;La Paz;2021
Cebada total;1650;La Paz;2022
Cebada total;1325;Nogoya;2020
Cebada total;736;Nogoya;2021
Cebada total;1556;Nogoya;2022
Cebada total;5250;Parana;2016
Cebada total;385;Parana;2017
Cebada total;3500;Parana;2018
Cebada total;3300;Parana;2019
Cebada total;1820;Parana;2020
Cebada total;2310;Parana;2021
Cebada total;2380;Parana;2022
Cebada total;150;Tala;2021
Cebada total;190;Tala;2022
Cebada total;150;Uruguay;2020
Cebada total;1400;Uruguay;2021
Cebada total;860;Uruguay;2022
Cebada total;2700;Victoria;2019
Cebada total;4620;Victoria;2020
Cebada total;6265;Victoria;2021
Cebada total;3258;Victoria;2022
Cebada total;0;Villaguay;2020
Cebada total;1456;Villaguay;2021
Cebada total;576;Villaguay;2022
Centeno;0;Gualeguay;2020
Centeno;0;Gualeguay;2021
Centeno;0;Gualeguaychu;2021
Centeno;0;Uruguay;2021
Centeno;0;Victoria;2021
Centeno;0;Villaguay;2021
Colza;70;Colon;2007
Colza;176;Colon;2008
Colza;510;Colon;2010
Colza;1400;Colon;2011
Colza;560;Colon;2012
Colza;400;Colon;2013
Colza;900;Colon;2014
Colza;618;Colon;2015
Colza;450;Colon;2016
Colza;90;Colon;2017
Colza;84;Colon;2018
Colza;60;Colon;2019
Colza;49;Colon;2020
Colza;30;Colon;2021
Colza;200;Colon;2022
Colza;360;Concordia;2011
Colza;200;Concordia;2012
Colza;1920;Diamante;2011
Colza;7200;Diamante;2012
Colza;1820;Diamante;2013
Colza;1440;Diamante;2014
Colza;1600;Diamante;2015
Colza;1140;Diamante;2016
Colza;1100;Diamante;2018
Colza;450;Diamante;2019
Colza;109;Diamante;2020
Colza;665;Diamante;2021
Colza;640;Diamante;2022
Colza;420;Federacion;2015
Colza;420;Federacion;2016
Colza;570;Federacion;2017
Colza;49;Federacion;2020
Colza;300;Federal;2012
Colza;200;Federal;2013
Colza;400;Federal;2017
Colza;150;Federal;2022
Colza;350;Gualeguay;2011
Colza;1430;Gualeguay;2012
Colza;3300;Gualeguay;2013
Colza;675;Gualeguay;2014
Colza;817;Gualeguay;2015
Colza;100;Gualeguay;2016
Colza;750;Gualeguay;2017
Colza;960;Gualeguay;2018
Colza;1200;Gualeguay;2019
Colza;1799;Gualeguay;2020
Colza;3990;Gualeguay;2021
Colza;6000;Gualeguay;2022
Colza;590;Gualeguaychu;2006
Colza;680;Gualeguaychu;2007
Colza;553;Gualeguaychu;2008
Colza;655;Gualeguaychu;2009
Colza;1120;Gualeguaychu;2010
Colza;4350;Gualeguaychu;2011
Colza;5220;Gualeguaychu;2012
Colza;3000;Gualeguaychu;2013
Colza;3040;Gualeguaychu;2014
Colza;2800;Gualeguaychu;2015
Colza;80;Gualeguaychu;2019
Colza;348;Gualeguaychu;2020
Colza;1445;Gualeguaychu;2021
Colza;1800;Gualeguaychu;2022
Colza;2400;La Paz;2011
Colza;3300;La Paz;2012
Colza;2400;La Paz;2013
Colza;1950;La Paz;2014
Colza;1650;La Paz;2015
Colza;1020;La Paz;2016
Colza;3000;La Paz;2017
Colza;2000;La Paz;2018
Colza;720;La Paz;2019
Colza;99;La Paz;2020
Colza;30;Nogoya;2007
Colza;99;Nogoya;2008
Colza;640;Nogoya;2011
Colza;3700;Nogoya;2012
Colza;3300;Nogoya;2013
Colza;3990;Nogoya;2014
Colza;700;Nogoya;2015
Colza;340;Nogoya;2016
Colza;0;Nogoya;2017
Colza;200;Nogoya;2018
Colza;60;Nogoya;2019
Colza;1199;Nogoya;2020
Colza;960;Nogoya;2021
Colza;2000;Nogoya;2022
Colza;3200;Parana;2011
Colza;6600;Parana;2012
Colza;3480;Parana;2013
Colza;2600;Parana;2014
Colza;960;Parana;2015
Colza;850;Parana;2016
Colza;1100;Parana;2017
Colza;2200;Parana;2018
Colza;480;Parana;2019
Colza;99;Parana;2020
Colza;360;Parana;2022
Colza;50;San Salvador;2007
Colza;1040;San Salvador;2008
Colza;180;San Salvador;2009
Colza;470;San Salvador;2011
Colza;200;San Salvador;2012
Colza;500;San Salvador;2013
Colza;200;San Salvador;2014
Colza;200;San Salvador;2015
Colza;130;Tala;2006
Colza;113;Tala;2008
Colza;2000;Tala;2009
Colza;135;Tala;2010
Colza;520;Tala;2011
Colza;700;Tala;2012
Colza;1400;Tala;2013
Colza;300;Tala;2014
Colza;750;Tala;2015
Colza;300;Tala;2016
Colza;650;Tala;2017
Colza;800;Tala;2018
Colza;480;Tala;2019
Colza;799;Tala;2020
Colza;2210;Tala;2021
Colza;2600;Tala;2022
Colza;100;Uruguay;2007
Colza;56;Uruguay;2008
Colza;72;Uruguay;2009
Colza;260;Uruguay;2011
Colza;960;Uruguay;2012
Colza;4050;Uruguay;2013
Colza;1540;Uruguay;2014
Colza;45;Uruguay;2017
Colza;400;Uruguay;2019
Colza;149;Uruguay;2020
Colza;225;Uruguay;2021
Colza;300;Uruguay;2022
Colza;910;Victoria;2008
Colza;1098;Victoria;2009
Colza;1610;Victoria;2010
Colza;5100;Victoria;2011
Colza;9360;Victoria;2012
Colza;5000;Victoria;2013
Colza;5600;Victoria;2014
Colza;4750;Victoria;2015
Colza;4750;Victoria;2016
Colza;3150;Victoria;2017
Colza;1938;Victoria;2018
Colza;3500;Victoria;2019
Colza;2299;Victoria;2020
Colza;9975;Victoria;2021
Colza;10600;Victoria;2022
Colza;369;Villaguay;2008
Colza;340;Villaguay;2009
Colza;300;Villaguay;2010
Colza;1200;Villaguay;2012
Colza;1000;Villaguay;2013
Colza;80;Villaguay;2016
Colza;200;Villaguay;2019
Colza;180;Villaguay;2021
Colza;200;Villaguay;2022
Garbanzo;270;Nogoya;2019
Garbanzo;414;Victoria;2019
Girasol;1800;Colon;2000
Girasol;960;Colon;2001
Girasol;2100;Colon;2002
Girasol;950;Colon;2003
Girasol;1260;Colon;2004
Girasol;1400;Colon;2005
Girasol;220;Colon;2006
Girasol;2550;Colon;2007
Girasol;850;Colon;2008
Girasol;200;Colon;2009
Girasol;2900;Concordia;2000
Girasol;3240;Concordia;2001
Girasol;2900;Concordia;2002
Girasol;3200;Concordia;2003
Girasol;2880;Concordia;2004
Girasol;2400;Concordia;2005
Girasol;1620;Concordia;2006
Girasol;9280;Concordia;2007
Girasol;4800;Concordia;2008
Girasol;1200;Concordia;2009
Girasol;3230;Concordia;2010
Girasol;1280;Concordia;2011
Girasol;1430;Concordia;2012
Girasol;900;Concordia;2013
Girasol;360;Concordia;2014
Girasol;180;Concordia;2016
Girasol;563;Concordia;2020
Girasol;432;Concordia;2021
Girasol;6000;Diamante;2000
Girasol;6670;Diamante;2001
Girasol;5400;Diamante;2002
Girasol;4000;Diamante;2003
Girasol;6300;Diamante;2004
Girasol;6160;Diamante;2005
Girasol;4356;Diamante;2006
Girasol;5520;Diamante;2007
Girasol;2080;Diamante;2008
Girasol;1260;Diamante;2009
Girasol;1920;Diamante;2010
Girasol;1000;Diamante;2011
Girasol;1020;Diamante;2012
Girasol;1200;Diamante;2013
Girasol;660;Diamante;2014
Girasol;500;Diamante;2015
Girasol;960;Diamante;2016
Girasol;1000;Diamante;2017
Girasol;1380;Diamante;2018
Girasol;750;Diamante;2019
Girasol;400;Diamante;2020
Girasol;400;Diamante;2021
Girasol;500;Federacion;2000
Girasol;360;Federacion;2001
Girasol;600;Federacion;2002
Girasol;260;Federacion;2003
Girasol;560;Federacion;2004
Girasol;1260;Federacion;2005
Girasol;540;Federacion;2006
Girasol;5220;Federacion;2007
Girasol;2210;Federacion;2008
Girasol;840;Federacion;2009
Girasol;3600;Federacion;2010
Girasol;1980;Federacion;2011
Girasol;1440;Federacion;2012
Girasol;980;Federacion;2013
Girasol;450;Federacion;2014
Girasol;800;Federacion;2015
Girasol;900;Federacion;2016
Girasol;340;Federacion;2017
Girasol;600;Federacion;2018
Girasol;600;Federacion;2019
Girasol;1100;Federal;2000
Girasol;720;Federal;2001
Girasol;600;Federal;2002
Girasol;700;Federal;2003
Girasol;510;Federal;2004
Girasol;1540;Federal;2005
Girasol;1224;Federal;2006
Girasol;5000;Federal;2007
Girasol;2600;Federal;2008
Girasol;800;Federal;2009
Girasol;1080;Federal;2010
Girasol;680;Federal;2011
Girasol;700;Federal;2012
Girasol;560;Federal;2013
Girasol;800;Federal;2014
Girasol;400;Federal;2015
Girasol;800;Federal;2016
Girasol;900;Federal;2017
Girasol;600;Federal;2018
Girasol;660;Federal;2019
Girasol;210;Federal;2020
Girasol;1350;Federal;2021
Girasol;900;Feliciano;2000
Girasol;510;Feliciano;2001
Girasol;500;Feliciano;2002
Girasol;260;Feliciano;2003
Girasol;480;Feliciano;2004
Girasol;540;Feliciano;2005
Girasol;720;Feliciano;2006
Girasol;4600;Feliciano;2007
Girasol;3080;Feliciano;2008
Girasol;420;Feliciano;2009
Girasol;340;Feliciano;2010
Girasol;230;Feliciano;2011
Girasol;280;Feliciano;2012
Girasol;360;Feliciano;2013
Girasol;280;Feliciano;2014
Girasol;1610;Feliciano;2020
Girasol;2945;Feliciano;2021
Girasol;9600;Gualeguay;2000
Girasol;5200;Gualeguay;2001
Girasol;9500;Gualeguay;2002
Girasol;5200;Gualeguay;2003
Girasol;3990;Gualeguay;2004
Girasol;8800;Gualeguay;2005
Girasol;4900;Gualeguay;2006
Girasol;6600;Gualeguay;2007
Girasol;3180;Gualeguay;2008
Girasol;1050;Gualeguay;2009
Girasol;630;Gualeguay;2010
Girasol;1050;Gualeguay;2011
Girasol;80;Gualeguay;2016
Girasol;255;Gualeguay;2021
Girasol;20000;Gualeguaychu;2000
Girasol;7000;Gualeguaychu;2001
Girasol;10200;Gualeguaychu;2002
Girasol;8800;Gualeguaychu;2003
Girasol;9200;Gualeguaychu;2004
Girasol;18900;Gualeguaychu;2005
Girasol;9060;Gualeguaychu;2006
Girasol;16200;Gualeguaychu;2007
Girasol;12610;Gualeguaychu;2008
Girasol;818;Gualeguaychu;2009
Girasol;1300;Gualeguaychu;2010
Girasol;50;Gualeguaychu;2011
Girasol;270;Gualeguaychu;2018
Girasol;825;Gualeguaychu;2020
Girasol;714;Gualeguaychu;2021
Girasol;6000;La Paz;2000
Girasol;7400;La Paz;2001
Girasol;7000;La Paz;2002
Girasol;7200;La Paz;2003
Girasol;5950;La Paz;2004
Girasol;7770;La Paz;2005
Girasol;7020;La Paz;2006
Girasol;10600;La Paz;2007
Girasol;3220;La Paz;2008
Girasol;1600;La Paz;2009
Girasol;4750;La Paz;2010
Girasol;3200;La Paz;2011
Girasol;2800;La Paz;2012
Girasol;2250;La Paz;2013
Girasol;2800;La Paz;2014
Girasol;3300;La Paz;2015
Girasol;4320;La Paz;2016
Girasol;4400;La Paz;2017
Girasol;4400;La Paz;2018
Girasol;1760;La Paz;2019
Girasol;5500;La Paz;2020
Girasol;8100;La Paz;2021
Girasol;1500;Nogoya;2000
Girasol;1600;Nogoya;2001
Girasol;1600;Nogoya;2002
Girasol;2000;Nogoya;2003
Girasol;2100;Nogoya;2004
Girasol;2520;Nogoya;2005
Girasol;2700;Nogoya;2006
Girasol;9000;Nogoya;2007
Girasol;3420;Nogoya;2008
Girasol;945;Nogoya;2009
Girasol;2415;Nogoya;2010
Girasol;40;Nogoya;2011
Girasol;78;Nogoya;2014
Girasol;675;Nogoya;2016
Girasol;1625;Nogoya;2018
Girasol;48;Nogoya;2020
Girasol;210;Nogoya;2021
Girasol;15000;Parana;2000
Girasol;18040;Parana;2001
Girasol;13000;Parana;2002
Girasol;15000;Parana;2003
Girasol;13600;Parana;2004
Girasol;35530;Parana;2005
Girasol;25200;Parana;2006
Girasol;34320;Parana;2007
Girasol;7420;Parana;2008
Girasol;3960;Parana;2009
Girasol;8400;Parana;2010
Girasol;4400;Parana;2011
Girasol;3600;Parana;2012
Girasol;2240;Parana;2013
Girasol;1200;Parana;2014
Girasol;1100;Parana;2015
Girasol;660;Parana;2016
Girasol;8600;Parana;2017
Girasol;3960;Parana;2018
Girasol;2171;Parana;2019
Girasol;2070;Parana;2020
Girasol;3610;Parana;2021
Girasol;2000;San Salvador;2003
Girasol;3610;San Salvador;2004
Girasol;3600;San Salvador;2005
Girasol;6000;San Salvador;2006
Girasol;8400;San Salvador;2007
Girasol;4800;San Salvador;2008
Girasol;600;San Salvador;2009
Girasol;1140;San Salvador;2010
Girasol;1190;San Salvador;2011
Girasol;1020;San Salvador;2013
Girasol;120;San Salvador;2020
Girasol;45;San Salvador;2021
Girasol;8000;Tala;2000
Girasol;3200;Tala;2001
Girasol;2600;Tala;2002
Girasol;5600;Tala;2003
Girasol;5290;Tala;2004
Girasol;8800;Tala;2005
Girasol;3900;Tala;2006
Girasol;6650;Tala;2007
Girasol;1980;Tala;2008
Girasol;500;Tala;2009
Girasol;1000;Tala;2010
Girasol;270;Tala;2011
Girasol;150;Tala;2014
Girasol;136;Tala;2016
Girasol;320;Tala;2021
Girasol;5100;Uruguay;2000
Girasol;2210;Uruguay;2001
Girasol;2300;Uruguay;2002
Girasol;3300;Uruguay;2003
Girasol;3240;Uruguay;2004
Girasol;3750;Uruguay;2005
Girasol;1740;Uruguay;2006
Girasol;6650;Uruguay;2007
Girasol;2200;Uruguay;2008
Girasol;720;Uruguay;2009
Girasol;960;Uruguay;2010
Girasol;720;Uruguay;2016
Girasol;270;Uruguay;2017
Girasol;770;Uruguay;2018
Girasol;425;Uruguay;2019
Girasol;738;Uruguay;2020
Girasol;1394;Uruguay;2021
Girasol;2400;Victoria;2000
Girasol;1600;Victoria;2001
Girasol;2000;Victoria;2002
Girasol;2300;Victoria;2003
Girasol;1235;Victoria;2004
Girasol;4500;Victoria;2005
Girasol;1360;Victoria;2006
Girasol;2600;Victoria;2007
Girasol;2320;Victoria;2008
Girasol;1050;Victoria;2009
Girasol;1440;Victoria;2010
Girasol;0;Victoria;2013
Girasol;0;Victoria;2016
Girasol;715;Victoria;2020
Girasol;224;Victoria;2021
Girasol;8550;Villaguay;2000
Girasol;2100;Villaguay;2001
Girasol;3000;Villaguay;2002
Girasol;4200;Villaguay;2003
Girasol;7200;Villaguay;2004
Girasol;9100;Villaguay;2005
Girasol;10400;Villaguay;2006
Girasol;17000;Villaguay;2007
Girasol;4950;Villaguay;2008
Girasol;1080;Villaguay;2009
Girasol;1300;Villaguay;2010
Girasol;960;Villaguay;2011
Girasol;70;Villaguay;2017
Girasol;3230;Villaguay;2018
Girasol;3675;Villaguay;2020
Girasol;4794;Villaguay;2021
Lenteja;204;Diamante;2020
Lenteja;225;Diamante;2021
Lenteja;375;Diamante;2022
Lino;300;Colon;2000
Lino;200;Colon;2001
Lino;400;Colon;2002
Lino;300;Colon;2003
Lino;500;Colon;2004
Lino;600;Colon;2005
Lino;300;Colon;2006
Lino;49;Colon;2007
Lino;240;Colon;2009
Lino;200;Colon;2010
Lino;70;Colon;2012
Lino;150;Colon;2013
Lino;360;Colon;2014
Lino;600;Colon;2015
Lino;520;Colon;2016
Lino;180;Colon;2017
Lino;300;Colon;2018
Lino;330;Colon;2019
Lino;300;Colon;2020
Lino;350;Colon;2021
Lino;1440;Colon;2022
Lino;1000;Concordia;2000
Lino;400;Concordia;2001
Lino;600;Concordia;2002
Lino;1800;Concordia;2003
Lino;2400;Concordia;2004
Lino;3740;Concordia;2005
Lino;2400;Concordia;2006
Lino;450;Concordia;2007
Lino;1000;Concordia;2008
Lino;2080;Concordia;2009
Lino;1560;Concordia;2010
Lino;1400;Concordia;2011
Lino;1080;Concordia;2012
Lino;550;Concordia;2013
Lino;480;Concordia;2014
Lino;910;Concordia;2015
Lino;550;Concordia;2017
Lino;450;Concordia;2018
Lino;300;Concordia;2019
Lino;450;Concordia;2020
Lino;360;Concordia;2021
Lino;560;Concordia;2022
Lino;300;Diamante;2000
Lino;200;Diamante;2001
Lino;400;Diamante;2002
Lino;800;Diamante;2003
Lino;1700;Diamante;2004
Lino;2800;Diamante;2005
Lino;1300;Diamante;2006
Lino;120;Diamante;2007
Lino;360;Diamante;2008
Lino;1440;Diamante;2009
Lino;480;Diamante;2010
Lino;320;Diamante;2011
Lino;420;Diamante;2012
Lino;400;Federacion;2000
Lino;100;Federacion;2001
Lino;200;Federacion;2002
Lino;500;Federacion;2003
Lino;900;Federacion;2004
Lino;1650;Federacion;2005
Lino;960;Federacion;2006
Lino;240;Federacion;2007
Lino;720;Federacion;2008
Lino;2280;Federacion;2009
Lino;1760;Federacion;2010
Lino;960;Federacion;2011
Lino;960;Federacion;2012
Lino;600;Federacion;2013
Lino;480;Federacion;2014
Lino;400;Federacion;2015
Lino;440;Federacion;2016
Lino;880;Federacion;2017
Lino;900;Federacion;2018
Lino;300;Federacion;2019
Lino;900;Federacion;2020
Lino;75;Federacion;2021
Lino;160;Federacion;2022
Lino;400;Federal;2000
Lino;300;Federal;2001
Lino;600;Federal;2002
Lino;1500;Federal;2003
Lino;1800;Federal;2004
Lino;3240;Federal;2005
Lino;1060;Federal;2006
Lino;270;Federal;2007
Lino;550;Federal;2008
Lino;2100;Federal;2009
Lino;1430;Federal;2010
Lino;1540;Federal;2011
Lino;700;Federal;2012
Lino;660;Federal;2013
Lino;420;Federal;2014
Lino;700;Federal;2015
Lino;1300;Federal;2017
Lino;480;Federal;2018
Lino;200;Federal;2019
Lino;480;Federal;2020
Lino;600;Federal;2021
Lino;928;Federal;2022
Lino;400;Feliciano;2000
Lino;300;Feliciano;2001
Lino;400;Feliciano;2002
Lino;600;Feliciano;2003
Lino;1200;Feliciano;2004
Lino;1800;Feliciano;2005
Lino;1400;Feliciano;2006
Lino;450;Feliciano;2007
Lino;770;Feliciano;2008
Lino;1080;Feliciano;2009
Lino;1440;Feliciano;2010
Lino;1080;Feliciano;2011
Lino;720;Feliciano;2012
Lino;500;Feliciano;2013
Lino;600;Feliciano;2014
Lino;200;Feliciano;2015
Lino;550;Feliciano;2017
Lino;600;Feliciano;2018
Lino;400;Feliciano;2019
Lino;600;Feliciano;2020
Lino;130;Feliciano;2021
Lino;240;Feliciano;2022
Lino;1400;Gualeguay;2000
Lino;1400;Gualeguay;2001
Lino;1000;Gualeguay;2002
Lino;3500;Gualeguay;2003
Lino;3200;Gualeguay;2004
Lino;6250;Gualeguay;2005
Lino;2410;Gualeguay;2006
Lino;748;Gualeguay;2007
Lino;1620;Gualeguay;2008
Lino;3450;Gualeguay;2009
Lino;1120;Gualeguay;2010
Lino;260;Gualeguay;2011
Lino;410;Gualeguay;2012
Lino;700;Gualeguay;2013
Lino;245;Gualeguay;2014
Lino;250;Gualeguay;2015
Lino;825;Gualeguay;2016
Lino;275;Gualeguay;2017
Lino;260;Gualeguay;2018
Lino;240;Gualeguay;2019
Lino;260;Gualeguay;2020
Lino;240;Gualeguay;2021
Lino;950;Gualeguay;2022
Lino;3300;Gualeguaychu;2000
Lino;1000;Gualeguaychu;2001
Lino;500;Gualeguaychu;2002
Lino;1400;Gualeguaychu;2003
Lino;1800;Gualeguaychu;2004
Lino;4260;Gualeguaychu;2005
Lino;1800;Gualeguaychu;2006
Lino;350;Gualeguaychu;2007
Lino;1800;Gualeguaychu;2008
Lino;2475;Gualeguaychu;2009
Lino;1100;Gualeguaychu;2010
Lino;120;Gualeguaychu;2011
Lino;160;Gualeguaychu;2012
Lino;180;Gualeguaychu;2013
Lino;180;Gualeguaychu;2015
Lino;180;Gualeguaychu;2021
Lino;800;Gualeguaychu;2022
Lino;2500;La Paz;2000
Lino;2000;La Paz;2001
Lino;2800;La Paz;2002
Lino;5000;La Paz;2003
Lino;5000;La Paz;2004
Lino;6990;La Paz;2005
Lino;8400;La Paz;2006
Lino;3410;La Paz;2007
Lino;4560;La Paz;2008
Lino;7500;La Paz;2009
Lino;5600;La Paz;2010
Lino;7000;La Paz;2011
Lino;5600;La Paz;2012
Lino;6600;La Paz;2013
Lino;6300;La Paz;2014
Lino;7000;La Paz;2015
Lino;7150;La Paz;2016
Lino;5200;La Paz;2017
Lino;5440;La Paz;2018
Lino;2250;La Paz;2019
Lino;5440;La Paz;2020
Lino;2880;La Paz;2021
Lino;4288;La Paz;2022
Lino;800;Nogoya;2000
Lino;900;Nogoya;2001
Lino;1800;Nogoya;2002
Lino;5000;Nogoya;2003
Lino;5300;Nogoya;2004
Lino;5400;Nogoya;2005
Lino;2500;Nogoya;2006
Lino;700;Nogoya;2007
Lino;2040;Nogoya;2008
Lino;6600;Nogoya;2009
Lino;4550;Nogoya;2010
Lino;2530;Nogoya;2011
Lino;2340;Nogoya;2012
Lino;3410;Nogoya;2013
Lino;1550;Nogoya;2014
Lino;2475;Nogoya;2015
Lino;1625;Nogoya;2016
Lino;900;Nogoya;2017
Lino;3780;Nogoya;2018
Lino;500;Nogoya;2019
Lino;3780;Nogoya;2020
Lino;2500;Nogoya;2021
Lino;4200;Nogoya;2022
Lino;900;Parana;2000
Lino;500;Parana;2001
Lino;700;Parana;2002
Lino;2600;Parana;2003
Lino;3000;Parana;2004
Lino;4030;Parana;2005
Lino;2800;Parana;2006
Lino;1200;Parana;2007
Lino;2160;Parana;2008
Lino;4500;Parana;2009
Lino;4320;Parana;2010
Lino;3000;Parana;2011
Lino;2800;Parana;2012
Lino;2640;Parana;2013
Lino;3500;Parana;2014
Lino;1680;Parana;2015
Lino;1950;Parana;2016
Lino;1260;Parana;2017
Lino;1080;Parana;2018
Lino;550;Parana;2019
Lino;1080;Parana;2020
Lino;600;Parana;2021
Lino;1216;Parana;2022
Lino;500;San Salvador;2003
Lino;2000;San Salvador;2004
Lino;1100;San Salvador;2005
Lino;1300;San Salvador;2006
Lino;200;San Salvador;2007
Lino;1020;San Salvador;2008
Lino;3750;San Salvador;2009
Lino;2500;San Salvador;2010
Lino;450;San Salvador;2011
Lino;200;San Salvador;2012
Lino;350;San Salvador;2013
Lino;450;San Salvador;2014
Lino;800;San Salvador;2015
Lino;240;San Salvador;2017
Lino;550;San Salvador;2021
Lino;1400;San Salvador;2022
Lino;800;Tala;2000
Lino;700;Tala;2001
Lino;1000;Tala;2002
Lino;3200;Tala;2003
Lino;2500;Tala;2004
Lino;3080;Tala;2005
Lino;1600;Tala;2006
Lino;160;Tala;2007
Lino;770;Tala;2008
Lino;4394;Tala;2009
Lino;1080;Tala;2010
Lino;450;Tala;2011
Lino;280;Tala;2012
Lino;1000;Tala;2013
Lino;640;Tala;2014
Lino;2000;Tala;2015
Lino;2520;Tala;2016
Lino;315;Tala;2017
Lino;1400;Tala;2018
Lino;1000;Tala;2019
Lino;1400;Tala;2020
Lino;770;Tala;2021
Lino;3400;Tala;2022
Lino;1000;Uruguay;2000
Lino;200;Uruguay;2001
Lino;400;Uruguay;2002
Lino;1200;Uruguay;2003
Lino;2800;Uruguay;2004
Lino;2750;Uruguay;2005
Lino;2200;Uruguay;2006
Lino;297;Uruguay;2007
Lino;900;Uruguay;2008
Lino;4020;Uruguay;2009
Lino;1800;Uruguay;2010
Lino;700;Uruguay;2011
Lino;450;Uruguay;2012
Lino;610;Uruguay;2013
Lino;700;Uruguay;2014
Lino;1000;Uruguay;2015
Lino;1050;Uruguay;2017
Lino;1800;Uruguay;2018
Lino;700;Uruguay;2019
Lino;1800;Uruguay;2020
Lino;900;Uruguay;2021
Lino;4000;Uruguay;2022
Lino;112;Victoria;2009
Lino;450;Victoria;2010
Lino;130;Victoria;2011
Lino;320;Victoria;2013
Lino;90;Victoria;2015
Lino;260;Victoria;2016
Lino;150;Victoria;2021
Lino;1080;Victoria;2022
Lino;600;Villaguay;2000
Lino;700;Villaguay;2001
Lino;200;Villaguay;2002
Lino;700;Villaguay;2003
Lino;1700;Villaguay;2004
Lino;2530;Villaguay;2005
Lino;2310;Villaguay;2006
Lino;520;Villaguay;2007
Lino;1235;Villaguay;2008
Lino;6000;Villaguay;2009
Lino;2400;Villaguay;2010
Lino;1430;Villaguay;2011
Lino;880;Villaguay;2012
Lino;2160;Villaguay;2013
Lino;1530;Villaguay;2014
Lino;1800;Villaguay;2015
Lino;1320;Villaguay;2016
Lino;875;Villaguay;2017
Lino;2160;Villaguay;2018
Lino;1595;Villaguay;2019
Lino;2160;Villaguay;2020
Lino;1100;Villaguay;2021
Lino;3960;Villaguay;2022
Maíz;27500;Colon;2000
Maíz;20250;Colon;2001
Maíz;26950;Colon;2002
Maíz;12680;Colon;2003
Maíz;10350;Colon;2004
Maíz;1500;Colon;2005
Maíz;13130;Colon;2006
Maíz;4000;Colon;2007
Maíz;1600;Colon;2008
Maíz;18250;Colon;2009
Maíz;5120;Colon;2010
Maíz;8840;Colon;2011
Maíz;17360;Colon;2012
Maíz;16650;Colon;2013
Maíz;26600;Colon;2014
Maíz;21420;Colon;2015
Maíz;36250;Colon;2016
Maíz;13920;Colon;2017
Maíz;33914;Colon;2018
Maíz;46080;Colon;2019
Maíz;56865;Colon;2020
Maíz;35850;Colon;2021
Maíz;17400;Concordia;2000
Maíz;10450;Concordia;2001
Maíz;14300;Concordia;2002
Maíz;16800;Concordia;2003
Maíz;24750;Concordia;2004
Maíz;16500;Concordia;2005
Maíz;21000;Concordia;2006
Maíz;19250;Concordia;2007
Maíz;3500;Concordia;2008
Maíz;18000;Concordia;2009
Maíz;9270;Concordia;2010
Maíz;21350;Concordia;2011
Maíz;38500;Concordia;2012
Maíz;18500;Concordia;2013
Maíz;25160;Concordia;2014
Maíz;16872;Concordia;2015
Maíz;23250;Concordia;2016
Maíz;12600;Concordia;2017
Maíz;27084;Concordia;2018
Maíz;26373;Concordia;2019
Maíz;40200;Concordia;2020
Maíz;32390;Concordia;2021
Maíz;266000;Diamante;2000
Maíz;168000;Diamante;2001
Maíz;236250;Diamante;2002
Maíz;264000;Diamante;2003
Maíz;296400;Diamante;2004
Maíz;170500;Diamante;2005
Maíz;241200;Diamante;2006
Maíz;213900;Diamante;2007
Maíz;70400;Diamante;2008
Maíz;176000;Diamante;2009
Maíz;107020;Diamante;2010
Maíz;126720;Diamante;2011
Maíz;204000;Diamante;2012
Maíz;126000;Diamante;2013
Maíz;154160;Diamante;2014
Maíz;179363;Diamante;2015
Maíz;161850;Diamante;2016
Maíz;128760;Diamante;2017
Maíz;248751;Diamante;2018
Maíz;215175;Diamante;2019
Maíz;177590;Diamante;2020
Maíz;149000;Diamante;2021
Maíz;10000;Federacion;2000
Maíz;3150;Federacion;2001
Maíz;3600;Federacion;2002
Maíz;8250;Federacion;2003
Maíz;16500;Federacion;2004
Maíz;15000;Federacion;2005
Maíz;14000;Federacion;2006
Maíz;12000;Federacion;2007
Maíz;2300;Federacion;2008
Maíz;12600;Federacion;2009
Maíz;7920;Federacion;2010
Maíz;14160;Federacion;2011
Maíz;17550;Federacion;2012
Maíz;5000;Federacion;2013
Maíz;4550;Federacion;2014
Maíz;7938;Federacion;2015
Maíz;16800;Federacion;2016
Maíz;13800;Federacion;2017
Maíz;18851;Federacion;2018
Maíz;15563;Federacion;2019
Maíz;20650;Federacion;2020
Maíz;21200;Federacion;2021
Maíz;23500;Federal;2000
Maíz;10000;Federal;2001
Maíz;5850;Federal;2002
Maíz;12000;Federal;2003
Maíz;24000;Federal;2004
Maíz;22500;Federal;2005
Maíz;15000;Federal;2006
Maíz;12480;Federal;2007
Maíz;2640;Federal;2008
Maíz;23400;Federal;2009
Maíz;15320;Federal;2010
Maíz;28980;Federal;2011
Maíz;48000;Federal;2012
Maíz;38000;Federal;2013
Maíz;43660;Federal;2014
Maíz;31244;Federal;2015
Maíz;50250;Federal;2016
Maíz;29500;Federal;2017
Maíz;48225;Federal;2018
Maíz;43086;Federal;2019
Maíz;43800;Federal;2020
Maíz;37840;Federal;2021
Maíz;8160;Feliciano;2000
Maíz;2800;Feliciano;2001
Maíz;2100;Feliciano;2002
Maíz;4600;Feliciano;2003
Maíz;13750;Feliciano;2004
Maíz;11250;Feliciano;2005
Maíz;9360;Feliciano;2006
Maíz;10800;Feliciano;2007
Maíz;3600;Feliciano;2008
Maíz;15600;Feliciano;2009
Maíz;10620;Feliciano;2010
Maíz;21760;Feliciano;2011
Maíz;21000;Feliciano;2012
Maíz;9000;Feliciano;2013
Maíz;13200;Feliciano;2014
Maíz;12626;Feliciano;2015
Maíz;22050;Feliciano;2016
Maíz;8960;Feliciano;2017
Maíz;16203;Feliciano;2018
Maíz;15525;Feliciano;2019
Maíz;19470;Feliciano;2020
Maíz;26000;Feliciano;2021
Maíz;162400;Gualeguay;2000
Maíz;103530;Gualeguay;2001
Maíz;162480;Gualeguay;2002
Maíz;174750;Gualeguay;2003
Maíz;180200;Gualeguay;2004
Maíz;103400;Gualeguay;2005
Maíz;139620;Gualeguay;2006
Maíz;112500;Gualeguay;2007
Maíz;20700;Gualeguay;2008
Maíz;136000;Gualeguay;2009
Maíz;112090;Gualeguay;2010
Maíz;135000;Gualeguay;2011
Maíz;203770;Gualeguay;2012
Maíz;136620;Gualeguay;2013
Maíz;140000;Gualeguay;2014
Maíz;198320;Gualeguay;2015
Maíz;255940;Gualeguay;2016
Maíz;233145;Gualeguay;2017
Maíz;234536;Gualeguay;2018
Maíz;271950;Gualeguay;2019
Maíz;167200;Gualeguay;2020
Maíz;187695;Gualeguay;2021
Maíz;80620;Gualeguaychu;2000
Maíz;74400;Gualeguaychu;2001
Maíz;93200;Gualeguaychu;2002
Maíz;150480;Gualeguaychu;2003
Maíz;109040;Gualeguaychu;2004
Maíz;66000;Gualeguaychu;2005
Maíz;139600;Gualeguaychu;2006
Maíz;56800;Gualeguaychu;2007
Maíz;17500;Gualeguaychu;2008
Maíz;116000;Gualeguaychu;2009
Maíz;120630;Gualeguaychu;2010
Maíz;173880;Gualeguaychu;2011
Maíz;194560;Gualeguaychu;2012
Maíz;286860;Gualeguaychu;2013
Maíz;205200;Gualeguaychu;2014
Maíz;178860;Gualeguaychu;2015
Maíz;409600;Gualeguaychu;2016
Maíz;300800;Gualeguaychu;2017
Maíz;492900;Gualeguaychu;2018
Maíz;521640;Gualeguaychu;2019
Maíz;219800;Gualeguaychu;2020
Maíz;236115;Gualeguaychu;2021
Maíz;51000;La Paz;2000
Maíz;42920;La Paz;2001
Maíz;58000;La Paz;2002
Maíz;75000;La Paz;2003
Maíz;95200;La Paz;2004
Maíz;80000;La Paz;2005
Maíz;87200;La Paz;2006
Maíz;82800;La Paz;2007
Maíz;5600;La Paz;2008
Maíz;76000;La Paz;2009
Maíz;60030;La Paz;2010
Maíz;91650;La Paz;2011
Maíz;134940;La Paz;2012
Maíz;112750;La Paz;2013
Maíz;132600;La Paz;2014
Maíz;83296;La Paz;2015
Maíz;83200;La Paz;2016
Maíz;61400;La Paz;2017
Maíz;172249;La Paz;2018
Maíz;214840;La Paz;2019
Maíz;171100;La Paz;2020
Maíz;158340;La Paz;2021
Maíz;55000;Nogoya;2000
Maíz;45050;Nogoya;2001
Maíz;36000;Nogoya;2002
Maíz;60030;Nogoya;2003
Maíz;77000;Nogoya;2004
Maíz;38400;Nogoya;2005
Maíz;47250;Nogoya;2006
Maíz;55000;Nogoya;2007
Maíz;11250;Nogoya;2008
Maíz;51000;Nogoya;2009
Maíz;63760;Nogoya;2010
Maíz;59850;Nogoya;2011
Maíz;71370;Nogoya;2012
Maíz;70760;Nogoya;2013
Maíz;87100;Nogoya;2014
Maíz;153760;Nogoya;2015
Maíz;195975;Nogoya;2016
Maíz;154080;Nogoya;2017
Maíz;222443;Nogoya;2018
Maíz;296948;Nogoya;2019
Maíz;167580;Nogoya;2020
Maíz;133440;Nogoya;2021
Maíz;250800;Parana;2000
Maíz;188800;Parana;2001
Maíz;237250;Parana;2002
Maíz;256000;Parana;2003
Maíz;319200;Parana;2004
Maíz;155000;Parana;2005
Maíz;209950;Parana;2006
Maíz;189000;Parana;2007
Maíz;37820;Parana;2008
Maíz;189200;Parana;2009
Maíz;120130;Parana;2010
Maíz;152750;Parana;2011
Maíz;233700;Parana;2012
Maíz;169800;Parana;2013
Maíz;198400;Parana;2014
Maíz;148980;Parana;2015
Maíz;248000;Parana;2016
Maíz;258500;Parana;2017
Maíz;311850;Parana;2018
Maíz;334425;Parana;2019
Maíz;279380;Parana;2020
Maíz;278000;Parana;2021
Maíz;5670;San Salvador;2003
Maíz;4680;San Salvador;2004
Maíz;500;San Salvador;2005
Maíz;6650;San Salvador;2006
Maíz;7410;San Salvador;2007
Maíz;2470;San Salvador;2008
Maíz;13300;San Salvador;2009
Maíz;4010;San Salvador;2010
Maíz;6480;San Salvador;2011
Maíz;47100;San Salvador;2012
Maíz;44600;San Salvador;2013
Maíz;13420;San Salvador;2014
Maíz;7812;San Salvador;2015
Maíz;17280;San Salvador;2016
Maíz;5580;San Salvador;2017
Maíz;16263;San Salvador;2018
Maíz;28463;San Salvador;2019
Maíz;23055;San Salvador;2020
Maíz;14310;San Salvador;2021
Maíz;24500;Tala;2000
Maíz;12000;Tala;2001
Maíz;9900;Tala;2002
Maíz;25800;Tala;2003
Maíz;35880;Tala;2004
Maíz;18490;Tala;2005
Maíz;32200;Tala;2006
Maíz;29820;Tala;2007
Maíz;2850;Tala;2008
Maíz;30240;Tala;2009
Maíz;28320;Tala;2010
Maíz;44720;Tala;2011
Maíz;15960;Tala;2012
Maíz;9030;Tala;2013
Maíz;54000;Tala;2014
Maíz;133920;Tala;2015
Maíz;141120;Tala;2016
Maíz;59535;Tala;2017
Maíz;165053;Tala;2018
Maíz;150255;Tala;2019
Maíz;107800;Tala;2020
Maíz;80160;Tala;2021
Maíz;27500;Uruguay;2000
Maíz;15600;Uruguay;2001
Maíz;21660;Uruguay;2002
Maíz;57000;Uruguay;2003
Maíz;53250;Uruguay;2004
Maíz;33750;Uruguay;2005
Maíz;109580;Uruguay;2006
Maíz;70020;Uruguay;2007
Maíz;18600;Uruguay;2008
Maíz;101600;Uruguay;2009
Maíz;81040;Uruguay;2010
Maíz;73440;Uruguay;2011
Maíz;150040;Uruguay;2012
Maíz;106000;Uruguay;2013
Maíz;121800;Uruguay;2014
Maíz;149816;Uruguay;2015
Maíz;201600;Uruguay;2016
Maíz;114360;Uruguay;2017
Maíz;222870;Uruguay;2018
Maíz;234650;Uruguay;2019
Maíz;215100;Uruguay;2020
Maíz;159530;Uruguay;2021
Maíz;224450;Victoria;2000
Maíz;184800;Victoria;2001
Maíz;237250;Victoria;2002
Maíz;278870;Victoria;2003
Maíz;309600;Victoria;2004
Maíz;193200;Victoria;2005
Maíz;225250;Victoria;2006
Maíz;225550;Victoria;2007
Maíz;21000;Victoria;2008
Maíz;187200;Victoria;2009
Maíz;162140;Victoria;2010
Maíz;146160;Victoria;2011
Maíz;181130;Victoria;2012
Maíz;182400;Victoria;2013
Maíz;223300;Victoria;2014
Maíz;179112;Victoria;2015
Maíz;290500;Victoria;2016
Maíz;195570;Victoria;2017
Maíz;285987;Victoria;2018
Maíz;257760;Victoria;2019
Maíz;234260;Victoria;2020
Maíz;188340;Victoria;2021
Maíz;46750;Villaguay;2000
Maíz;30000;Villaguay;2001
Maíz;37620;Villaguay;2002
Maíz;49400;Villaguay;2003
Maíz;55800;Villaguay;2004
Maíz;25200;Villaguay;2005
Maíz;56250;Villaguay;2006
Maíz;27300;Villaguay;2007
Maíz;1500;Villaguay;2008
Maíz;47520;Villaguay;2009
Maíz;30220;Villaguay;2010
Maíz;63720;Villaguay;2011
Maíz;84080;Villaguay;2012
Maíz;71910;Villaguay;2013
Maíz;97150;Villaguay;2014
Maíz;59272;Villaguay;2015
Maíz;144560;Villaguay;2016
Maíz;133200;Villaguay;2017
Maíz;246774;Villaguay;2018
Maíz;199500;Villaguay;2019
Maíz;208860;Villaguay;2020
Maíz;127410;Villaguay;2021
Mijo;10;Gualeguay;2021
Mijo;390;Uruguay;2021
Soja 1ra;26700;Colon;2000
Soja 1ra;48000;Colon;2001
Soja 1ra;75000;Colon;2002
Soja 1ra;50830;Colon;2003
Soja 1ra;58865;Colon;2004
Soja 1ra;41178;Colon;2005
Soja 1ra;65625;Colon;2006
Soja 1ra;63690;Colon;2007
Soja 1ra;59232;Colon;2008
Soja 1ra;78400;Colon;2009
Soja 1ra;58300;Colon;2010
Soja 1ra;40595;Colon;2011
Soja 1ra;69600;Colon;2012
Soja 1ra;89385;Colon;2013
Soja 1ra;84000;Colon;2014
Soja 1ra;57950;Colon;2015
Soja 1ra;77740;Colon;2016
Soja 1ra;16800;Colon;2017
Soja 1ra;84000;Colon;2018
Soja 1ra;55000;Colon;2019
Soja 1ra;40000;Colon;2020
Soja 1ra;40950;Colon;2021
Soja 1ra;30000;Concordia;2000
Soja 1ra;30000;Concordia;2001
Soja 1ra;62500;Concordia;2002
Soja 1ra;45900;Concordia;2003
Soja 1ra;61547;Concordia;2004
Soja 1ra;67575;Concordia;2005
Soja 1ra;107100;Concordia;2006
Soja 1ra;78000;Concordia;2007
Soja 1ra;21000;Concordia;2008
Soja 1ra;86800;Concordia;2009
Soja 1ra;74100;Concordia;2010
Soja 1ra;62500;Concordia;2011
Soja 1ra;83200;Concordia;2012
Soja 1ra;74400;Concordia;2013
Soja 1ra;77560;Concordia;2014
Soja 1ra;44000;Concordia;2015
Soja 1ra;68380;Concordia;2016
Soja 1ra;30800;Concordia;2017
Soja 1ra;56000;Concordia;2018
Soja 1ra;42780;Concordia;2019
Soja 1ra;41500;Concordia;2020
Soja 1ra;31400;Concordia;2021
Soja 1ra;80500;Diamante;2000
Soja 1ra;115000;Diamante;2001
Soja 1ra;201000;Diamante;2002
Soja 1ra;148400;Diamante;2003
Soja 1ra;200029;Diamante;2004
Soja 1ra;202514;Diamante;2005
Soja 1ra;331500;Diamante;2006
Soja 1ra;187000;Diamante;2007
Soja 1ra;71344;Diamante;2008
Soja 1ra;198000;Diamante;2009
Soja 1ra;156800;Diamante;2010
Soja 1ra;122200;Diamante;2011
Soja 1ra;150000;Diamante;2012
Soja 1ra;103360;Diamante;2013
Soja 1ra;117360;Diamante;2014
Soja 1ra;85800;Diamante;2015
Soja 1ra;101850;Diamante;2016
Soja 1ra;34200;Diamante;2017
Soja 1ra;54150;Diamante;2018
Soja 1ra;40300;Diamante;2019
Soja 1ra;39000;Diamante;2020
Soja 1ra;35500;Diamante;2021
Soja 1ra;11600;Federacion;2000
Soja 1ra;10000;Federacion;2001
Soja 1ra;21000;Federacion;2002
Soja 1ra;15000;Federacion;2003
Soja 1ra;24619;Federacion;2004
Soja 1ra;21117;Federacion;2005
Soja 1ra;32940;Federacion;2006
Soja 1ra;24000;Federacion;2007
Soja 1ra;4400;Federacion;2008
Soja 1ra;39200;Federacion;2009
Soja 1ra;33750;Federacion;2010
Soja 1ra;35500;Federacion;2011
Soja 1ra;38400;Federacion;2012
Soja 1ra;36000;Federacion;2013
Soja 1ra;32480;Federacion;2014
Soja 1ra;18000;Federacion;2015
Soja 1ra;24200;Federacion;2016
Soja 1ra;13300;Federacion;2017
Soja 1ra;27100;Federacion;2018
Soja 1ra;21390;Federacion;2019
Soja 1ra;20400;Federacion;2020
Soja 1ra;14175;Federacion;2021
Soja 1ra;30000;Federal;2000
Soja 1ra;30000;Federal;2001
Soja 1ra;62500;Federal;2002
Soja 1ra;35250;Federal;2003
Soja 1ra;40621;Federal;2004
Soja 1ra;38011;Federal;2005
Soja 1ra;63840;Federal;2006
Soja 1ra;67200;Federal;2007
Soja 1ra;23520;Federal;2008
Soja 1ra;105000;Federal;2009
Soja 1ra;87100;Federal;2010
Soja 1ra;80000;Federal;2011
Soja 1ra;90000;Federal;2012
Soja 1ra;96200;Federal;2013
Soja 1ra;113100;Federal;2014
Soja 1ra;58000;Federal;2015
Soja 1ra;96600;Federal;2016
Soja 1ra;41600;Federal;2017
Soja 1ra;84000;Federal;2018
Soja 1ra;62400;Federal;2019
Soja 1ra;60000;Federal;2020
Soja 1ra;47670;Federal;2021
Soja 1ra;15400;Feliciano;2000
Soja 1ra;14000;Feliciano;2001
Soja 1ra;24000;Feliciano;2002
Soja 1ra;12600;Feliciano;2003
Soja 1ra;20311;Feliciano;2004
Soja 1ra;21117;Feliciano;2005
Soja 1ra;30420;Feliciano;2006
Soja 1ra;31200;Feliciano;2007
Soja 1ra;9100;Feliciano;2008
Soja 1ra;43500;Feliciano;2009
Soja 1ra;35100;Feliciano;2010
Soja 1ra;33280;Feliciano;2011
Soja 1ra;35000;Feliciano;2012
Soja 1ra;33000;Feliciano;2013
Soja 1ra;36120;Feliciano;2014
Soja 1ra;12000;Feliciano;2015
Soja 1ra;19800;Feliciano;2016
Soja 1ra;8400;Feliciano;2017
Soja 1ra;23688;Feliciano;2018
Soja 1ra;20700;Feliciano;2019
Soja 1ra;22500;Feliciano;2020
Soja 1ra;17955;Feliciano;2021
Soja 1ra;77900;Gualeguay;2000
Soja 1ra;80000;Gualeguay;2001
Soja 1ra;194000;Gualeguay;2002
Soja 1ra;207000;Gualeguay;2003
Soja 1ra;202045;Gualeguay;2004
Soja 1ra;216873;Gualeguay;2005
Soja 1ra;249200;Gualeguay;2006
Soja 1ra;204500;Gualeguay;2007
Soja 1ra;130900;Gualeguay;2008
Soja 1ra;360320;Gualeguay;2009
Soja 1ra;304290;Gualeguay;2010
Soja 1ra;210500;Gualeguay;2011
Soja 1ra;256500;Gualeguay;2012
Soja 1ra;234444;Gualeguay;2013
Soja 1ra;225000;Gualeguay;2014
Soja 1ra;176400;Gualeguay;2015
Soja 1ra;231520;Gualeguay;2016
Soja 1ra;114300;Gualeguay;2017
Soja 1ra;200260;Gualeguay;2018
Soja 1ra;110000;Gualeguay;2019
Soja 1ra;66750;Gualeguay;2020
Soja 1ra;137550;Gualeguay;2021
Soja 1ra;63400;Gualeguaychu;2000
Soja 1ra;74000;Gualeguaychu;2001
Soja 1ra;204000;Gualeguaychu;2002
Soja 1ra;173790;Gualeguaychu;2003
Soja 1ra;218452;Gualeguaychu;2004
Soja 1ra;251822;Gualeguaychu;2005
Soja 1ra;273645;Gualeguaychu;2006
Soja 1ra;264810;Gualeguaychu;2007
Soja 1ra;149940;Gualeguaychu;2008
Soja 1ra;388950;Gualeguaychu;2009
Soja 1ra;349700;Gualeguaychu;2010
Soja 1ra;315600;Gualeguaychu;2011
Soja 1ra;362500;Gualeguaychu;2012
Soja 1ra;459290;Gualeguaychu;2013
Soja 1ra;531720;Gualeguaychu;2014
Soja 1ra;307800;Gualeguaychu;2015
Soja 1ra;382230;Gualeguaychu;2016
Soja 1ra;177000;Gualeguaychu;2017
Soja 1ra;328600;Gualeguaychu;2018
Soja 1ra;230000;Gualeguaychu;2019
Soja 1ra;115960;Gualeguaychu;2020
Soja 1ra;219385;Gualeguaychu;2021
Soja 1ra;128000;La Paz;2000
Soja 1ra;75000;La Paz;2001
Soja 1ra;224000;La Paz;2002
Soja 1ra;133600;La Paz;2003
Soja 1ra;200542;La Paz;2004
Soja 1ra;209061;La Paz;2005
Soja 1ra;296700;La Paz;2006
Soja 1ra;294000;La Paz;2007
Soja 1ra;49500;La Paz;2008
Soja 1ra;354000;La Paz;2009
Soja 1ra;312200;La Paz;2010
Soja 1ra;260000;La Paz;2011
Soja 1ra;302400;La Paz;2012
Soja 1ra;333000;La Paz;2013
Soja 1ra;367950;La Paz;2014
Soja 1ra;184800;La Paz;2015
Soja 1ra;256100;La Paz;2016
Soja 1ra;147750;La Paz;2017
Soja 1ra;241500;La Paz;2018
Soja 1ra;156500;La Paz;2019
Soja 1ra;158340;La Paz;2020
Soja 1ra;105600;La Paz;2021
Soja 1ra;73400;Nogoya;2000
Soja 1ra;62000;Nogoya;2001
Soja 1ra;149000;Nogoya;2002
Soja 1ra;175780;Nogoya;2003
Soja 1ra;231767;Nogoya;2004
Soja 1ra;241581;Nogoya;2005
Soja 1ra;270750;Nogoya;2006
Soja 1ra;231955;Nogoya;2007
Soja 1ra;86500;Nogoya;2008
Soja 1ra;299180;Nogoya;2009
Soja 1ra;273000;Nogoya;2010
Soja 1ra;196460;Nogoya;2011
Soja 1ra;230230;Nogoya;2012
Soja 1ra;310095;Nogoya;2013
Soja 1ra;365535;Nogoya;2014
Soja 1ra;192950;Nogoya;2015
Soja 1ra;266400;Nogoya;2016
Soja 1ra;79200;Nogoya;2017
Soja 1ra;188500;Nogoya;2018
Soja 1ra;135975;Nogoya;2019
Soja 1ra;79600;Nogoya;2020
Soja 1ra;99500;Nogoya;2021
Soja 1ra;115600;Parana;2000
Soja 1ra;130000;Parana;2001
Soja 1ra;244000;Parana;2002
Soja 1ra;183000;Parana;2003
Soja 1ra;251319;Parana;2004
Soja 1ra;242847;Parana;2005
Soja 1ra;403840;Parana;2006
Soja 1ra;268800;Parana;2007
Soja 1ra;88000;Parana;2008
Soja 1ra;486400;Parana;2009
Soja 1ra;401800;Parana;2010
Soja 1ra;345800;Parana;2011
Soja 1ra;420000;Parana;2012
Soja 1ra;426000;Parana;2013
Soja 1ra;506100;Parana;2014
Soja 1ra;252000;Parana;2015
Soja 1ra;452550;Parana;2016
Soja 1ra;132800;Parana;2017
Soja 1ra;165000;Parana;2018
Soja 1ra;148200;Parana;2019
Soja 1ra;142500;Parana;2020
Soja 1ra;133750;Parana;2021
Soja 1ra;42700;San Salvador;2003
Soja 1ra;51484;San Salvador;2004
Soja 1ra;33154;San Salvador;2005
Soja 1ra;61755;San Salvador;2006
Soja 1ra;59880;San Salvador;2007
Soja 1ra;13600;San Salvador;2008
Soja 1ra;62100;San Salvador;2009
Soja 1ra;54560;San Salvador;2010
Soja 1ra;40940;San Salvador;2011
Soja 1ra;43155;San Salvador;2012
Soja 1ra;57431;San Salvador;2013
Soja 1ra;72000;San Salvador;2014
Soja 1ra;42300;San Salvador;2015
Soja 1ra;57780;San Salvador;2016
Soja 1ra;14400;San Salvador;2017
Soja 1ra;42000;San Salvador;2018
Soja 1ra;34500;San Salvador;2019
Soja 1ra;30000;San Salvador;2020
Soja 1ra;31500;San Salvador;2021
Soja 1ra;29700;Tala;2000
Soja 1ra;34000;Tala;2001
Soja 1ra;78000;Tala;2002
Soja 1ra;70110;Tala;2003
Soja 1ra;89629;Tala;2004
Soja 1ra;108648;Tala;2005
Soja 1ra;136500;Tala;2006
Soja 1ra;123090;Tala;2007
Soja 1ra;39600;Tala;2008
Soja 1ra;173320;Tala;2009
Soja 1ra;202715;Tala;2010
Soja 1ra;138840;Tala;2011
Soja 1ra;121000;Tala;2012
Soja 1ra;168662;Tala;2013
Soja 1ra;166140;Tala;2014
Soja 1ra;101150;Tala;2015
Soja 1ra;128520;Tala;2016
Soja 1ra;48500;Tala;2017
Soja 1ra;106500;Tala;2018
Soja 1ra;99000;Tala;2019
Soja 1ra;59800;Tala;2020
Soja 1ra;81000;Tala;2021
Soja 1ra;44700;Uruguay;2000
Soja 1ra;106000;Uruguay;2001
Soja 1ra;183000;Uruguay;2002
Soja 1ra;156400;Uruguay;2003
Soja 1ra;235291;Uruguay;2004
Soja 1ra;262276;Uruguay;2005
Soja 1ra;322280;Uruguay;2006
Soja 1ra;251460;Uruguay;2007
Soja 1ra;141400;Uruguay;2008
Soja 1ra;310500;Uruguay;2009
Soja 1ra;310500;Uruguay;2010
Soja 1ra;229770;Uruguay;2011
Soja 1ra;319800;Uruguay;2012
Soja 1ra;340080;Uruguay;2013
Soja 1ra;321030;Uruguay;2014
Soja 1ra;228600;Uruguay;2015
Soja 1ra;307160;Uruguay;2016
Soja 1ra;87400;Uruguay;2017
Soja 1ra;261000;Uruguay;2018
Soja 1ra;186670;Uruguay;2019
Soja 1ra;136420;Uruguay;2020
Soja 1ra;196560;Uruguay;2021
Soja 1ra;99700;Victoria;2000
Soja 1ra;103000;Victoria;2001
Soja 1ra;214000;Victoria;2002
Soja 1ra;204000;Victoria;2003
Soja 1ra;233819;Victoria;2004
Soja 1ra;240947;Victoria;2005
Soja 1ra;266550;Victoria;2006
Soja 1ra;221560;Victoria;2007
Soja 1ra;93500;Victoria;2008
Soja 1ra;320000;Victoria;2009
Soja 1ra;274050;Victoria;2010
Soja 1ra;187200;Victoria;2011
Soja 1ra;207900;Victoria;2012
Soja 1ra;220110;Victoria;2013
Soja 1ra;214699;Victoria;2014
Soja 1ra;164000;Victoria;2015
Soja 1ra;138720;Victoria;2016
Soja 1ra;94050;Victoria;2017
Soja 1ra;164900;Victoria;2018
Soja 1ra;103270;Victoria;2019
Soja 1ra;54000;Victoria;2020
Soja 1ra;84000;Victoria;2021
Soja 1ra;59400;Villaguay;2000
Soja 1ra;85000;Villaguay;2001
Soja 1ra;187000;Villaguay;2002
Soja 1ra;194810;Villaguay;2003
Soja 1ra;221422;Villaguay;2004
Soja 1ra;157218;Villaguay;2005
Soja 1ra;335880;Villaguay;2006
Soja 1ra;336960;Villaguay;2007
Soja 1ra;41420;Villaguay;2008
Soja 1ra;226200;Villaguay;2009
Soja 1ra;239600;Villaguay;2010
Soja 1ra;247940;Villaguay;2011
Soja 1ra;240000;Villaguay;2012
Soja 1ra;257094;Villaguay;2013
Soja 1ra;351000;Villaguay;2014
Soja 1ra;210600;Villaguay;2015
Soja 1ra;280260;Villaguay;2016
Soja 1ra;55500;Villaguay;2017
Soja 1ra;240700;Villaguay;2018
Soja 1ra;204000;Villaguay;2019
Soja 1ra;142800;Villaguay;2020
Soja 1ra;162500;Villaguay;2021
Soja 2da;8200;Colon;2000
Soja 2da;13200;Colon;2001
Soja 2da;9500;Colon;2002
Soja 2da;3000;Colon;2003
Soja 2da;6770;Colon;2004
Soja 2da;845;Colon;2005
Soja 2da;4934;Colon;2006
Soja 2da;4800;Colon;2007
Soja 2da;134;Colon;2008
Soja 2da;7670;Colon;2009
Soja 2da;8000;Colon;2010
Soja 2da;8550;Colon;2011
Soja 2da;8000;Colon;2012
Soja 2da;4754;Colon;2013
Soja 2da;5250;Colon;2014
Soja 2da;4230;Colon;2015
Soja 2da;9443;Colon;2016
Soja 2da;700;Colon;2017
Soja 2da;10185;Colon;2018
Soja 2da;8800;Colon;2019
Soja 2da;9000;Colon;2020
Soja 2da;14260;Colon;2021
Soja 2da;10400;Concordia;2000
Soja 2da;8800;Concordia;2001
Soja 2da;14400;Concordia;2002
Soja 2da;3400;Concordia;2003
Soja 2da;7181;Concordia;2004
Soja 2da;11087;Concordia;2005
Soja 2da;13920;Concordia;2006
Soja 2da;10560;Concordia;2007
Soja 2da;2220;Concordia;2008
Soja 2da;7700;Concordia;2009
Soja 2da;5400;Concordia;2010
Soja 2da;7040;Concordia;2011
Soja 2da;8800;Concordia;2012
Soja 2da;6600;Concordia;2013
Soja 2da;6960;Concordia;2014
Soja 2da;5400;Concordia;2015
Soja 2da;15360;Concordia;2016
Soja 2da;2800;Concordia;2017
Soja 2da;14300;Concordia;2018
Soja 2da;9400;Concordia;2019
Soja 2da;9600;Concordia;2020
Soja 2da;8930;Concordia;2021
Soja 2da;162400;Diamante;2000
Soja 2da;183600;Diamante;2001
Soja 2da;122000;Diamante;2002
Soja 2da;88200;Diamante;2003
Soja 2da;133353;Diamante;2004
Soja 2da;76022;Diamante;2005
Soja 2da;110240;Diamante;2006
Soja 2da;84740;Diamante;2007
Soja 2da;6300;Diamante;2008
Soja 2da;69000;Diamante;2009
Soja 2da;68000;Diamante;2010
Soja 2da;73600;Diamante;2011
Soja 2da;81600;Diamante;2012
Soja 2da;114800;Diamante;2013
Soja 2da;107912;Diamante;2014
Soja 2da;68200;Diamante;2015
Soja 2da;93800;Diamante;2016
Soja 2da;33520;Diamante;2017
Soja 2da;109395;Diamante;2018
Soja 2da;89125;Diamante;2019
Soja 2da;83500;Diamante;2020
Soja 2da;97750;Diamante;2021
Soja 2da;4800;Federacion;2000
Soja 2da;2400;Federacion;2001
Soja 2da;3800;Federacion;2002
Soja 2da;2400;Federacion;2003
Soja 2da;4103;Federacion;2004
Soja 2da;4540;Federacion;2005
Soja 2da;4620;Federacion;2006
Soja 2da;3600;Federacion;2007
Soja 2da;0;Federacion;2008
Soja 2da;4000;Federacion;2009
Soja 2da;4760;Federacion;2010
Soja 2da;3300;Federacion;2011
Soja 2da;5000;Federacion;2012
Soja 2da;4000;Federacion;2013
Soja 2da;1680;Federacion;2014
Soja 2da;1800;Federacion;2015
Soja 2da;5720;Federacion;2016
Soja 2da;1600;Federacion;2017
Soja 2da;8800;Federacion;2018
Soja 2da;4370;Federacion;2019
Soja 2da;6100;Federacion;2020
Soja 2da;5890;Federacion;2021
Soja 2da;10400;Federal;2000
Soja 2da;6600;Federal;2001
Soja 2da;7000;Federal;2002
Soja 2da;6300;Federal;2003
Soja 2da;4103;Federal;2004
Soja 2da;6546;Federal;2005
Soja 2da;9020;Federal;2006
Soja 2da;6400;Federal;2007
Soja 2da;0;Federal;2008
Soja 2da;8000;Federal;2009
Soja 2da;7200;Federal;2010
Soja 2da;8740;Federal;2011
Soja 2da;12100;Federal;2012
Soja 2da;8800;Federal;2013
Soja 2da;11040;Federal;2014
Soja 2da;7200;Federal;2015
Soja 2da;16940;Federal;2016
Soja 2da;3500;Federal;2017
Soja 2da;18700;Federal;2018
Soja 2da;13230;Federal;2019
Soja 2da;13338;Federal;2020
Soja 2da;14600;Federal;2021
Soja 2da;4800;Feliciano;2000
Soja 2da;3400;Feliciano;2001
Soja 2da;3800;Feliciano;2002
Soja 2da;1600;Feliciano;2003
Soja 2da;4103;Feliciano;2004
Soja 2da;3907;Feliciano;2005
Soja 2da;4840;Feliciano;2006
Soja 2da;3960;Feliciano;2007
Soja 2da;696;Feliciano;2008
Soja 2da;3800;Feliciano;2009
Soja 2da;4400;Feliciano;2010
Soja 2da;2760;Feliciano;2011
Soja 2da;3520;Feliciano;2012
Soja 2da;2200;Feliciano;2013
Soja 2da;3080;Feliciano;2014
Soja 2da;3200;Feliciano;2015
Soja 2da;8000;Feliciano;2016
Soja 2da;1380;Feliciano;2017
Soja 2da;7000;Feliciano;2018
Soja 2da;6600;Feliciano;2019
Soja 2da;9800;Feliciano;2020
Soja 2da;11200;Feliciano;2021
Soja 2da;69900;Gualeguay;2000
Soja 2da;90500;Gualeguay;2001
Soja 2da;57000;Gualeguay;2002
Soja 2da;41100;Gualeguay;2003
Soja 2da;73344;Gualeguay;2004
Soja 2da;50048;Gualeguay;2005
Soja 2da;61870;Gualeguay;2006
Soja 2da;53820;Gualeguay;2007
Soja 2da;33915;Gualeguay;2008
Soja 2da;44550;Gualeguay;2009
Soja 2da;32900;Gualeguay;2010
Soja 2da;48600;Gualeguay;2011
Soja 2da;38850;Gualeguay;2012
Soja 2da;76857;Gualeguay;2013
Soja 2da;60120;Gualeguay;2014
Soja 2da;39900;Gualeguay;2015
Soja 2da;56940;Gualeguay;2016
Soja 2da;24600;Gualeguay;2017
Soja 2da;60375;Gualeguay;2018
Soja 2da;51850;Gualeguay;2019
Soja 2da;18550;Gualeguay;2020
Soja 2da;85750;Gualeguay;2021
Soja 2da;76600;Gualeguaychu;2000
Soja 2da;77700;Gualeguaychu;2001
Soja 2da;57000;Gualeguaychu;2002
Soja 2da;27600;Gualeguaychu;2003
Soja 2da;66164;Gualeguaychu;2004
Soja 2da;41601;Gualeguaychu;2005
Soja 2da;61270;Gualeguaychu;2006
Soja 2da;39000;Gualeguaychu;2007
Soja 2da;34723;Gualeguaychu;2008
Soja 2da;57120;Gualeguaychu;2009
Soja 2da;49600;Gualeguaychu;2010
Soja 2da;38150;Gualeguaychu;2011
Soja 2da;52500;Gualeguaychu;2012
Soja 2da;114720;Gualeguaychu;2013
Soja 2da;82909;Gualeguaychu;2014
Soja 2da;44100;Gualeguaychu;2015
Soja 2da;133375;Gualeguaychu;2016
Soja 2da;33500;Gualeguaychu;2017
Soja 2da;114770;Gualeguaychu;2018
Soja 2da;89600;Gualeguaychu;2019
Soja 2da;49600;Gualeguaychu;2020
Soja 2da;153600;Gualeguaychu;2021
Soja 2da;27000;La Paz;2000
Soja 2da;48000;La Paz;2001
Soja 2da;49000;La Paz;2002
Soja 2da;27000;La Paz;2003
Soja 2da;29338;La Paz;2004
Soja 2da;19005;La Paz;2005
Soja 2da;29280;La Paz;2006
Soja 2da;30720;La Paz;2007
Soja 2da;0;La Paz;2008
Soja 2da;44000;La Paz;2009
Soja 2da;37800;La Paz;2010
Soja 2da;46200;La Paz;2011
Soja 2da;52900;La Paz;2012
Soja 2da;58800;La Paz;2013
Soja 2da;59280;La Paz;2014
Soja 2da;30000;La Paz;2015
Soja 2da;56100;La Paz;2016
Soja 2da;18000;La Paz;2017
Soja 2da;57200;La Paz;2018
Soja 2da;98070;La Paz;2019
Soja 2da;107520;La Paz;2020
Soja 2da;107000;La Paz;2021
Soja 2da;74600;Nogoya;2000
Soja 2da;75600;Nogoya;2001
Soja 2da;63500;Nogoya;2002
Soja 2da;44700;Nogoya;2003
Soja 2da;62984;Nogoya;2004
Soja 2da;39489;Nogoya;2005
Soja 2da;52670;Nogoya;2006
Soja 2da;50220;Nogoya;2007
Soja 2da;17243;Nogoya;2008
Soja 2da;41775;Nogoya;2009
Soja 2da;40800;Nogoya;2010
Soja 2da;51520;Nogoya;2011
Soja 2da;39700;Nogoya;2012
Soja 2da;57155;Nogoya;2013
Soja 2da;69487;Nogoya;2014
Soja 2da;45050;Nogoya;2015
Soja 2da;87055;Nogoya;2016
Soja 2da;31200;Nogoya;2017
Soja 2da;79800;Nogoya;2018
Soja 2da;70800;Nogoya;2019
Soja 2da;80400;Nogoya;2020
Soja 2da;124530;Nogoya;2021
Soja 2da;178200;Parana;2000
Soja 2da;202800;Parana;2001
Soja 2da;155000;Parana;2002
Soja 2da;115000;Parana;2003
Soja 2da;152638;Parana;2004
Soja 2da;97245;Parana;2005
Soja 2da;161720;Parana;2006
Soja 2da;136895;Parana;2007
Soja 2da;18900;Parana;2008
Soja 2da;85100;Parana;2009
Soja 2da;77900;Parana;2010
Soja 2da;96600;Parana;2011
Soja 2da;112800;Parana;2012
Soja 2da;126100;Parana;2013
Soja 2da;155960;Parana;2014
Soja 2da;72000;Parana;2015
Soja 2da;96800;Parana;2016
Soja 2da;53100;Parana;2017
Soja 2da;245563;Parana;2018
Soja 2da;171350;Parana;2019
Soja 2da;153090;Parana;2020
Soja 2da;178200;Parana;2021
Soja 2da;5950;San Salvador;2004
Soja 2da;370;San Salvador;2005
Soja 2da;7562;San Salvador;2006
Soja 2da;8500;San Salvador;2007
Soja 2da;882;San Salvador;2008
Soja 2da;8720;San Salvador;2009
Soja 2da;5400;San Salvador;2010
Soja 2da;5700;San Salvador;2011
Soja 2da;4800;San Salvador;2012
Soja 2da;5405;San Salvador;2013
Soja 2da;4500;San Salvador;2014
Soja 2da;2520;San Salvador;2015
Soja 2da;4356;San Salvador;2016
Soja 2da;1200;San Salvador;2017
Soja 2da;7480;San Salvador;2018
Soja 2da;6000;San Salvador;2019
Soja 2da;9900;San Salvador;2020
Soja 2da;11880;San Salvador;2021
Soja 2da;9800;Tala;2000
Soja 2da;21000;Tala;2001
Soja 2da;16600;Tala;2002
Soja 2da;11900;Tala;2003
Soja 2da;21336;Tala;2004
Soja 2da;13462;Tala;2005
Soja 2da;22885;Tala;2006
Soja 2da;20315;Tala;2007
Soja 2da;6251;Tala;2008
Soja 2da;19350;Tala;2009
Soja 2da;9485;Tala;2010
Soja 2da;17238;Tala;2011
Soja 2da;17100;Tala;2012
Soja 2da;20138;Tala;2013
Soja 2da;36346;Tala;2014
Soja 2da;12150;Tala;2015
Soja 2da;34545;Tala;2016
Soja 2da;18500;Tala;2017
Soja 2da;49000;Tala;2018
Soja 2da;32940;Tala;2019
Soja 2da;27300;Tala;2020
Soja 2da;47250;Tala;2021
Soja 2da;21800;Uruguay;2000
Soja 2da;27300;Uruguay;2001
Soja 2da;20400;Uruguay;2002
Soja 2da;8400;Uruguay;2003
Soja 2da;28107;Uruguay;2004
Soja 2da;14782;Uruguay;2005
Soja 2da;38985;Uruguay;2006
Soja 2da;22050;Uruguay;2007
Soja 2da;17281;Uruguay;2008
Soja 2da;42640;Uruguay;2009
Soja 2da;33600;Uruguay;2010
Soja 2da;49600;Uruguay;2011
Soja 2da;43700;Uruguay;2012
Soja 2da;45655;Uruguay;2013
Soja 2da;46352;Uruguay;2014
Soja 2da;30400;Uruguay;2015
Soja 2da;59180;Uruguay;2016
Soja 2da;9100;Uruguay;2017
Soja 2da;58850;Uruguay;2018
Soja 2da;60800;Uruguay;2019
Soja 2da;52500;Uruguay;2020
Soja 2da;86520;Uruguay;2021
Soja 2da;102300;Victoria;2000
Soja 2da;126500;Victoria;2001
Soja 2da;90000;Victoria;2002
Soja 2da;66400;Victoria;2003
Soja 2da;96014;Victoria;2004
Soja 2da;64302;Victoria;2005
Soja 2da;72250;Victoria;2006
Soja 2da;81480;Victoria;2007
Soja 2da;24833;Victoria;2008
Soja 2da;48090;Victoria;2009
Soja 2da;37500;Victoria;2010
Soja 2da;67830;Victoria;2011
Soja 2da;61600;Victoria;2012
Soja 2da;69750;Victoria;2013
Soja 2da;75225;Victoria;2014
Soja 2da;48600;Victoria;2015
Soja 2da;112325;Victoria;2016
Soja 2da;33000;Victoria;2017
Soja 2da;94510;Victoria;2018
Soja 2da;62050;Victoria;2019
Soja 2da;48750;Victoria;2020
Soja 2da;97200;Victoria;2021
Soja 2da;10800;Villaguay;2000
Soja 2da;31500;Villaguay;2001
Soja 2da;17000;Villaguay;2002
Soja 2da;11200;Villaguay;2003
Soja 2da;16618;Villaguay;2004
Soja 2da;2534;Villaguay;2005
Soja 2da;22885;Villaguay;2006
Soja 2da;23900;Villaguay;2007
Soja 2da;941;Villaguay;2008
Soja 2da;14820;Villaguay;2009
Soja 2da;7000;Villaguay;2010
Soja 2da;26960;Villaguay;2011
Soja 2da;16200;Villaguay;2012
Soja 2da;20318;Villaguay;2013
Soja 2da;17000;Villaguay;2014
Soja 2da;10050;Villaguay;2015
Soja 2da;21840;Villaguay;2016
Soja 2da;6500;Villaguay;2017
Soja 2da;48450;Villaguay;2018
Soja 2da;63650;Villaguay;2019
Soja 2da;86000;Villaguay;2020
Soja 2da;82200;Villaguay;2021
Soja total;34900;Colon;2000
Soja total;61200;Colon;2001
Soja total;84500;Colon;2002
Soja total;53830;Colon;2003
Soja total;65635;Colon;2004
Soja total;42023;Colon;2005
Soja total;70559;Colon;2006
Soja total;68490;Colon;2007
Soja total;16290;Colon;2008
Soja total;86070;Colon;2009
Soja total;66300;Colon;2010
Soja total;49145;Colon;2011
Soja total;77600;Colon;2012
Soja total;94139;Colon;2013
Soja total;89250;Colon;2014
Soja total;62180;Colon;2015
Soja total;87183;Colon;2016
Soja total;17500;Colon;2017
Soja total;94185;Colon;2018
Soja total;63800;Colon;2019
Soja total;49000;Colon;2020
Soja total;55210;Colon;2021
Soja total;40400;Concordia;2000
Soja total;38800;Concordia;2001
Soja total;76900;Concordia;2002
Soja total;49300;Concordia;2003
Soja total;68728;Concordia;2004
Soja total;78662;Concordia;2005
Soja total;121020;Concordia;2006
Soja total;88560;Concordia;2007
Soja total;23220;Concordia;2008
Soja total;94500;Concordia;2009
Soja total;79500;Concordia;2010
Soja total;69540;Concordia;2011
Soja total;92000;Concordia;2012
Soja total;81000;Concordia;2013
Soja total;84520;Concordia;2014
Soja total;49400;Concordia;2015
Soja total;83740;Concordia;2016
Soja total;33600;Concordia;2017
Soja total;70300;Concordia;2018
Soja total;52180;Concordia;2019
Soja total;51100;Concordia;2020
Soja total;40330;Concordia;2021
Soja total;242900;Diamante;2000
Soja total;298600;Diamante;2001
Soja total;323000;Diamante;2002
Soja total;236600;Diamante;2003
Soja total;333382;Diamante;2004
Soja total;278536;Diamante;2005
Soja total;441740;Diamante;2006
Soja total;271740;Diamante;2007
Soja total;77644;Diamante;2008
Soja total;267000;Diamante;2009
Soja total;224800;Diamante;2010
Soja total;195800;Diamante;2011
Soja total;231600;Diamante;2012
Soja total;218160;Diamante;2013
Soja total;225272;Diamante;2014
Soja total;154000;Diamante;2015
Soja total;195650;Diamante;2016
Soja total;67720;Diamante;2017
Soja total;163545;Diamante;2018
Soja total;129425;Diamante;2019
Soja total;122500;Diamante;2020
Soja total;133250;Diamante;2021
Soja total;16400;Federacion;2000
Soja total;12400;Federacion;2001
Soja total;24800;Federacion;2002
Soja total;17400;Federacion;2003
Soja total;28722;Federacion;2004
Soja total;25657;Federacion;2005
Soja total;37560;Federacion;2006
Soja total;27600;Federacion;2007
Soja total;4400;Federacion;2008
Soja total;43200;Federacion;2009
Soja total;38510;Federacion;2010
Soja total;38800;Federacion;2011
Soja total;43400;Federacion;2012
Soja total;40000;Federacion;2013
Soja total;34160;Federacion;2014
Soja total;19800;Federacion;2015
Soja total;29920;Federacion;2016
Soja total;14900;Federacion;2017
Soja total;35900;Federacion;2018
Soja total;25760;Federacion;2019
Soja total;26500;Federacion;2020
Soja total;20065;Federacion;2021
Soja total;40400;Federal;2000
Soja total;36600;Federal;2001
Soja total;69500;Federal;2002
Soja total;41550;Federal;2003
Soja total;44724;Federal;2004
Soja total;44557;Federal;2005
Soja total;72860;Federal;2006
Soja total;73600;Federal;2007
Soja total;23520;Federal;2008
Soja total;113000;Federal;2009
Soja total;94300;Federal;2010
Soja total;88740;Federal;2011
Soja total;102100;Federal;2012
Soja total;105000;Federal;2013
Soja total;124140;Federal;2014
Soja total;65200;Federal;2015
Soja total;113540;Federal;2016
Soja total;45100;Federal;2017
Soja total;102700;Federal;2018
Soja total;75630;Federal;2019
Soja total;73338;Federal;2020
Soja total;62270;Federal;2021
Soja total;20200;Feliciano;2000
Soja total;17400;Feliciano;2001
Soja total;27800;Feliciano;2002
Soja total;14200;Feliciano;2003
Soja total;24414;Feliciano;2004
Soja total;25024;Feliciano;2005
Soja total;35260;Feliciano;2006
Soja total;35160;Feliciano;2007
Soja total;9796;Feliciano;2008
Soja total;47300;Feliciano;2009
Soja total;39500;Feliciano;2010
Soja total;36040;Feliciano;2011
Soja total;38520;Feliciano;2012
Soja total;35200;Feliciano;2013
Soja total;39200;Feliciano;2014
Soja total;15200;Feliciano;2015
Soja total;27800;Feliciano;2016
Soja total;9780;Feliciano;2017
Soja total;30688;Feliciano;2018
Soja total;27300;Feliciano;2019
Soja total;32300;Feliciano;2020
Soja total;29155;Feliciano;2021
Soja total;147800;Gualeguay;2000
Soja total;170500;Gualeguay;2001
Soja total;251000;Gualeguay;2002
Soja total;248100;Gualeguay;2003
Soja total;275389;Gualeguay;2004
Soja total;266921;Gualeguay;2005
Soja total;311070;Gualeguay;2006
Soja total;258320;Gualeguay;2007
Soja total;164815;Gualeguay;2008
Soja total;404870;Gualeguay;2009
Soja total;337190;Gualeguay;2010
Soja total;259100;Gualeguay;2011
Soja total;295350;Gualeguay;2012
Soja total;311301;Gualeguay;2013
Soja total;285120;Gualeguay;2014
Soja total;216300;Gualeguay;2015
Soja total;288460;Gualeguay;2016
Soja total;138900;Gualeguay;2017
Soja total;260635;Gualeguay;2018
Soja total;161850;Gualeguay;2019
Soja total;85300;Gualeguay;2020
Soja total;223300;Gualeguay;2021
Soja total;140000;Gualeguaychu;2000
Soja total;151700;Gualeguaychu;2001
Soja total;261000;Gualeguaychu;2002
Soja total;201390;Gualeguaychu;2003
Soja total;284616;Gualeguaychu;2004
Soja total;293423;Gualeguaychu;2005
Soja total;334915;Gualeguaychu;2006
Soja total;303810;Gualeguaychu;2007
Soja total;184663;Gualeguaychu;2008
Soja total;446070;Gualeguaychu;2009
Soja total;399300;Gualeguaychu;2010
Soja total;353750;Gualeguaychu;2011
Soja total;415000;Gualeguaychu;2012
Soja total;574010;Gualeguaychu;2013
Soja total;614629;Gualeguaychu;2014
Soja total;351900;Gualeguaychu;2015
Soja total;515605;Gualeguaychu;2016
Soja total;210500;Gualeguaychu;2017
Soja total;443370;Gualeguaychu;2018
Soja total;319600;Gualeguaychu;2019
Soja total;165560;Gualeguaychu;2020
Soja total;372985;Gualeguaychu;2021
Soja total;155000;La Paz;2000
Soja total;123000;La Paz;2001
Soja total;273000;La Paz;2002
Soja total;160600;La Paz;2003
Soja total;229880;La Paz;2004
Soja total;228066;La Paz;2005
Soja total;325980;La Paz;2006
Soja total;324720;La Paz;2007
Soja total;49500;La Paz;2008
Soja total;398000;La Paz;2009
Soja total;350000;La Paz;2010
Soja total;306200;La Paz;2011
Soja total;355300;La Paz;2012
Soja total;391800;La Paz;2013
Soja total;427230;La Paz;2014
Soja total;214800;La Paz;2015
Soja total;312200;La Paz;2016
Soja total;165750;La Paz;2017
Soja total;298700;La Paz;2018
Soja total;254570;La Paz;2019
Soja total;265860;La Paz;2020
Soja total;212600;La Paz;2021
Soja total;148000;Nogoya;2000
Soja total;137600;Nogoya;2001
Soja total;212500;Nogoya;2002
Soja total;220480;Nogoya;2003
Soja total;294751;Nogoya;2004
Soja total;281070;Nogoya;2005
Soja total;323420;Nogoya;2006
Soja total;282175;Nogoya;2007
Soja total;103743;Nogoya;2008
Soja total;340955;Nogoya;2009
Soja total;313800;Nogoya;2010
Soja total;247980;Nogoya;2011
Soja total;269930;Nogoya;2012
Soja total;367250;Nogoya;2013
Soja total;435022;Nogoya;2014
Soja total;238000;Nogoya;2015
Soja total;353455;Nogoya;2016
Soja total;110400;Nogoya;2017
Soja total;268300;Nogoya;2018
Soja total;206775;Nogoya;2019
Soja total;160000;Nogoya;2020
Soja total;224030;Nogoya;2021
Soja total;293800;Parana;2000
Soja total;332800;Parana;2001
Soja total;399000;Parana;2002
Soja total;298000;Parana;2003
Soja total;403957;Parana;2004
Soja total;340092;Parana;2005
Soja total;565560;Parana;2006
Soja total;405695;Parana;2007
Soja total;106900;Parana;2008
Soja total;571500;Parana;2009
Soja total;479700;Parana;2010
Soja total;442400;Parana;2011
Soja total;532800;Parana;2012
Soja total;552100;Parana;2013
Soja total;662060;Parana;2014
Soja total;324000;Parana;2015
Soja total;549350;Parana;2016
Soja total;185900;Parana;2017
Soja total;410563;Parana;2018
Soja total;319550;Parana;2019
Soja total;295590;Parana;2020
Soja total;311950;Parana;2021
Soja total;42700;San Salvador;2003
Soja total;57434;San Salvador;2004
Soja total;33524;San Salvador;2005
Soja total;69317;San Salvador;2006
Soja total;68380;San Salvador;2007
Soja total;14482;San Salvador;2008
Soja total;70820;San Salvador;2009
Soja total;59960;San Salvador;2010
Soja total;46640;San Salvador;2011
Soja total;47955;San Salvador;2012
Soja total;62836;San Salvador;2013
Soja total;76500;San Salvador;2014
Soja total;44820;San Salvador;2015
Soja total;62136;San Salvador;2016
Soja total;15600;San Salvador;2017
Soja total;49480;San Salvador;2018
Soja total;40500;San Salvador;2019
Soja total;39900;San Salvador;2020
Soja total;43380;San Salvador;2021
Soja total;39500;Tala;2000
Soja total;55000;Tala;2001
Soja total;94600;Tala;2002
Soja total;82010;Tala;2003
Soja total;110965;Tala;2004
Soja total;122110;Tala;2005
Soja total;159385;Tala;2006
Soja total;143405;Tala;2007
Soja total;45851;Tala;2008
Soja total;192670;Tala;2009
Soja total;212200;Tala;2010
Soja total;156078;Tala;2011
Soja total;138100;Tala;2012
Soja total;188800;Tala;2013
Soja total;202486;Tala;2014
Soja total;113300;Tala;2015
Soja total;163065;Tala;2016
Soja total;67000;Tala;2017
Soja total;155500;Tala;2018
Soja total;131940;Tala;2019
Soja total;87100;Tala;2020
Soja total;128250;Tala;2021
Soja total;66500;Uruguay;2000
Soja total;133300;Uruguay;2001
Soja total;203400;Uruguay;2002
Soja total;164800;Uruguay;2003
Soja total;263398;Uruguay;2004
Soja total;277058;Uruguay;2005
Soja total;361265;Uruguay;2006
Soja total;273510;Uruguay;2007
Soja total;158681;Uruguay;2008
Soja total;353140;Uruguay;2009
Soja total;344100;Uruguay;2010
Soja total;279370;Uruguay;2011
Soja total;363500;Uruguay;2012
Soja total;385735;Uruguay;2013
Soja total;367382;Uruguay;2014
Soja total;259000;Uruguay;2015
Soja total;366340;Uruguay;2016
Soja total;96500;Uruguay;2017
Soja total;319850;Uruguay;2018
Soja total;247470;Uruguay;2019
Soja total;188920;Uruguay;2020
Soja total;283080;Uruguay;2021
Soja total;202000;Victoria;2000
Soja total;229500;Victoria;2001
Soja total;304000;Victoria;2002
Soja total;270400;Victoria;2003
Soja total;329833;Victoria;2004
Soja total;305249;Victoria;2005
Soja total;338800;Victoria;2006
Soja total;303040;Victoria;2007
Soja total;118333;Victoria;2008
Soja total;368090;Victoria;2009
Soja total;311550;Victoria;2010
Soja total;255030;Victoria;2011
Soja total;269500;Victoria;2012
Soja total;289860;Victoria;2013
Soja total;289924;Victoria;2014
Soja total;212600;Victoria;2015
Soja total;251045;Victoria;2016
Soja total;127050;Victoria;2017
Soja total;259410;Victoria;2018
Soja total;165320;Victoria;2019
Soja total;102750;Victoria;2020
Soja total;181200;Victoria;2021
Soja total;70200;Villaguay;2000
Soja total;116500;Villaguay;2001
Soja total;204000;Villaguay;2002
Soja total;206010;Villaguay;2003
Soja total;238040;Villaguay;2004
Soja total;159752;Villaguay;2005
Soja total;358765;Villaguay;2006
Soja total;360860;Villaguay;2007
Soja total;42061;Villaguay;2008
Soja total;241020;Villaguay;2009
Soja total;246600;Villaguay;2010
Soja total;274900;Villaguay;2011
Soja total;256200;Villaguay;2012
Soja total;277412;Villaguay;2013
Soja total;368000;Villaguay;2014
Soja total;220650;Villaguay;2015
Soja total;302100;Villaguay;2016
Soja total;62000;Villaguay;2017
Soja total;289150;Villaguay;2018
Soja total;267650;Villaguay;2019
Soja total;228800;Villaguay;2020
Soja total;244700;Villaguay;2021
Sorgo;7200;Colon;2000
Sorgo;5250;Colon;2001
Sorgo;8170;Colon;2002
Sorgo;5200;Colon;2003
Sorgo;5760;Colon;2004
Sorgo;3360;Colon;2005
Sorgo;14620;Colon;2006
Sorgo;17760;Colon;2007
Sorgo;6750;Colon;2008
Sorgo;10800;Colon;2009
Sorgo;12150;Colon;2010
Sorgo;17480;Colon;2011
Sorgo;17430;Colon;2012
Sorgo;11340;Colon;2013
Sorgo;9450;Colon;2014
Sorgo;8170;Colon;2015
Sorgo;13500;Colon;2016
Sorgo;5400;Colon;2017
Sorgo;6880;Colon;2018
Sorgo;5880;Colon;2019
Sorgo;8050;Colon;2020
Sorgo;6000;Colon;2021
Sorgo;11000;Concordia;2000
Sorgo;11760;Concordia;2001
Sorgo;18000;Concordia;2002
Sorgo;33000;Concordia;2003
Sorgo;42700;Concordia;2004
Sorgo;33000;Concordia;2005
Sorgo;45500;Concordia;2006
Sorgo;49300;Concordia;2007
Sorgo;11550;Concordia;2008
Sorgo;65000;Concordia;2009
Sorgo;29900;Concordia;2010
Sorgo;40160;Concordia;2011
Sorgo;30000;Concordia;2012
Sorgo;24000;Concordia;2013
Sorgo;29150;Concordia;2014
Sorgo;25500;Concordia;2015
Sorgo;22880;Concordia;2016
Sorgo;17640;Concordia;2017
Sorgo;20000;Concordia;2018
Sorgo;16200;Concordia;2019
Sorgo;21930;Concordia;2020
Sorgo;16100;Concordia;2021
Sorgo;11000;Diamante;2000
Sorgo;13750;Diamante;2001
Sorgo;11050;Diamante;2002
Sorgo;8450;Diamante;2003
Sorgo;23100;Diamante;2004
Sorgo;17400;Diamante;2005
Sorgo;24500;Diamante;2006
Sorgo;34000;Diamante;2007
Sorgo;19240;Diamante;2008
Sorgo;35200;Diamante;2009
Sorgo;33040;Diamante;2010
Sorgo;62160;Diamante;2011
Sorgo;33600;Diamante;2012
Sorgo;20800;Diamante;2013
Sorgo;19200;Diamante;2014
Sorgo;9010;Diamante;2015
Sorgo;15600;Diamante;2016
Sorgo;12300;Diamante;2017
Sorgo;16200;Diamante;2018
Sorgo;15080;Diamante;2019
Sorgo;26520;Diamante;2020
Sorgo;19600;Diamante;2021
Sorgo;8280;Federacion;2000
Sorgo;8000;Federacion;2001
Sorgo;8000;Federacion;2002
Sorgo;15000;Federacion;2003
Sorgo;22950;Federacion;2004
Sorgo;21000;Federacion;2005
Sorgo;26000;Federacion;2006
Sorgo;25200;Federacion;2007
Sorgo;4550;Federacion;2008
Sorgo;22000;Federacion;2009
Sorgo;17500;Federacion;2010
Sorgo;21760;Federacion;2011
Sorgo;22500;Federacion;2012
Sorgo;18000;Federacion;2013
Sorgo;17000;Federacion;2014
Sorgo;16450;Federacion;2015
Sorgo;9500;Federacion;2016
Sorgo;9000;Federacion;2017
Sorgo;9350;Federacion;2018
Sorgo;2650;Federacion;2019
Sorgo;4590;Federacion;2020
Sorgo;3150;Federacion;2021
Sorgo;20640;Federal;2000
Sorgo;19740;Federal;2001
Sorgo;20250;Federal;2002
Sorgo;29700;Federal;2003
Sorgo;44800;Federal;2004
Sorgo;39000;Federal;2005
Sorgo;39000;Federal;2006
Sorgo;43400;Federal;2007
Sorgo;8920;Federal;2008
Sorgo;34800;Federal;2009
Sorgo;31460;Federal;2010
Sorgo;45070;Federal;2011
Sorgo;31200;Federal;2012
Sorgo;26400;Federal;2013
Sorgo;25200;Federal;2014
Sorgo;30250;Federal;2015
Sorgo;23220;Federal;2016
Sorgo;18800;Federal;2017
Sorgo;23100;Federal;2018
Sorgo;22680;Federal;2019
Sorgo;28050;Federal;2020
Sorgo;20835;Federal;2021
Sorgo;5850;Feliciano;2000
Sorgo;7600;Feliciano;2001
Sorgo;10400;Feliciano;2002
Sorgo;15000;Feliciano;2003
Sorgo;23600;Feliciano;2004
Sorgo;19500;Feliciano;2005
Sorgo;21000;Feliciano;2006
Sorgo;25600;Feliciano;2007
Sorgo;8800;Feliciano;2008
Sorgo;24080;Feliciano;2009
Sorgo;19320;Feliciano;2010
Sorgo;24460;Feliciano;2011
Sorgo;20000;Feliciano;2012
Sorgo;18000;Feliciano;2013
Sorgo;16120;Feliciano;2014
Sorgo;18800;Feliciano;2015
Sorgo;17680;Feliciano;2016
Sorgo;11880;Feliciano;2017
Sorgo;15600;Feliciano;2018
Sorgo;13520;Feliciano;2019
Sorgo;13770;Feliciano;2020
Sorgo;11500;Feliciano;2021
Sorgo;23850;Gualeguay;2000
Sorgo;19200;Gualeguay;2001
Sorgo;25750;Gualeguay;2002
Sorgo;28620;Gualeguay;2003
Sorgo;38480;Gualeguay;2004
Sorgo;18250;Gualeguay;2005
Sorgo;20750;Gualeguay;2006
Sorgo;13750;Gualeguay;2007
Sorgo;12600;Gualeguay;2008
Sorgo;26400;Gualeguay;2009
Sorgo;29150;Gualeguay;2010
Sorgo;69260;Gualeguay;2011
Sorgo;31360;Gualeguay;2012
Sorgo;25440;Gualeguay;2013
Sorgo;25575;Gualeguay;2014
Sorgo;18000;Gualeguay;2015
Sorgo;16500;Gualeguay;2016
Sorgo;11000;Gualeguay;2017
Sorgo;11020;Gualeguay;2018
Sorgo;13395;Gualeguay;2019
Sorgo;23400;Gualeguay;2020
Sorgo;25000;Gualeguay;2021
Sorgo;45150;Gualeguaychu;2000
Sorgo;19350;Gualeguaychu;2001
Sorgo;31950;Gualeguaychu;2002
Sorgo;37500;Gualeguaychu;2003
Sorgo;37580;Gualeguaychu;2004
Sorgo;17550;Gualeguaychu;2005
Sorgo;21150;Gualeguaychu;2006
Sorgo;32160;Gualeguaychu;2007
Sorgo;22000;Gualeguaychu;2008
Sorgo;26450;Gualeguaychu;2009
Sorgo;30150;Gualeguaychu;2010
Sorgo;88690;Gualeguaychu;2011
Sorgo;43500;Gualeguaychu;2012
Sorgo;58750;Gualeguaychu;2013
Sorgo;26790;Gualeguaychu;2014
Sorgo;22360;Gualeguaychu;2015
Sorgo;28000;Gualeguaychu;2016
Sorgo;12000;Gualeguaychu;2017
Sorgo;11130;Gualeguaychu;2018
Sorgo;14000;Gualeguaychu;2019
Sorgo;25725;Gualeguaychu;2020
Sorgo;23200;Gualeguaychu;2021
Sorgo;27000;La Paz;2000
Sorgo;35000;La Paz;2001
Sorgo;38500;La Paz;2002
Sorgo;54000;La Paz;2003
Sorgo;67200;La Paz;2004
Sorgo;58500;La Paz;2005
Sorgo;55250;La Paz;2006
Sorgo;67200;La Paz;2007
Sorgo;30360;La Paz;2008
Sorgo;89900;La Paz;2009
Sorgo;78000;La Paz;2010
Sorgo;115880;La Paz;2011
Sorgo;81000;La Paz;2012
Sorgo;69750;La Paz;2013
Sorgo;75240;La Paz;2014
Sorgo;71500;La Paz;2015
Sorgo;63250;La Paz;2016
Sorgo;50800;La Paz;2017
Sorgo;50600;La Paz;2018
Sorgo;48720;La Paz;2019
Sorgo;81000;La Paz;2020
Sorgo;62720;La Paz;2021
Sorgo;26000;Nogoya;2000
Sorgo;17500;Nogoya;2001
Sorgo;18450;Nogoya;2002
Sorgo;22500;Nogoya;2003
Sorgo;35250;Nogoya;2004
Sorgo;13630;Nogoya;2005
Sorgo;29000;Nogoya;2006
Sorgo;44980;Nogoya;2007
Sorgo;25420;Nogoya;2008
Sorgo;39900;Nogoya;2009
Sorgo;39950;Nogoya;2010
Sorgo;95460;Nogoya;2011
Sorgo;50740;Nogoya;2012
Sorgo;39950;Nogoya;2013
Sorgo;30240;Nogoya;2014
Sorgo;21060;Nogoya;2015
Sorgo;72000;Nogoya;2016
Sorgo;33300;Nogoya;2017
Sorgo;45000;Nogoya;2018
Sorgo;37675;Nogoya;2019
Sorgo;49970;Nogoya;2020
Sorgo;35700;Nogoya;2021
Sorgo;16000;Parana;2000
Sorgo;20000;Parana;2001
Sorgo;26660;Parana;2002
Sorgo;34100;Parana;2003
Sorgo;57600;Parana;2004
Sorgo;36400;Parana;2005
Sorgo;52000;Parana;2006
Sorgo;68000;Parana;2007
Sorgo;40000;Parana;2008
Sorgo;119040;Parana;2009
Sorgo;91300;Parana;2010
Sorgo;130540;Parana;2011
Sorgo;112000;Parana;2012
Sorgo;104000;Parana;2013
Sorgo;75810;Parana;2014
Sorgo;88400;Parana;2015
Sorgo;101920;Parana;2016
Sorgo;80000;Parana;2017
Sorgo;88000;Parana;2018
Sorgo;67760;Parana;2019
Sorgo;69120;Parana;2020
Sorgo;51650;Parana;2021
Sorgo;7560;San Salvador;2003
Sorgo;8460;San Salvador;2004
Sorgo;4200;San Salvador;2005
Sorgo;11250;San Salvador;2006
Sorgo;26000;San Salvador;2007
Sorgo;9600;San Salvador;2008
Sorgo;12430;San Salvador;2009
Sorgo;14000;San Salvador;2010
Sorgo;37460;San Salvador;2011
Sorgo;13330;San Salvador;2012
Sorgo;30600;San Salvador;2013
Sorgo;9430;San Salvador;2014
Sorgo;5700;San Salvador;2015
Sorgo;11000;San Salvador;2016
Sorgo;4200;San Salvador;2017
Sorgo;5400;San Salvador;2018
Sorgo;1890;San Salvador;2019
Sorgo;13160;San Salvador;2020
Sorgo;8740;San Salvador;2021
Sorgo;15050;Tala;2000
Sorgo;12800;Tala;2001
Sorgo;17100;Tala;2002
Sorgo;19350;Tala;2003
Sorgo;27500;Tala;2004
Sorgo;11250;Tala;2005
Sorgo;24750;Tala;2006
Sorgo;25000;Tala;2007
Sorgo;11380;Tala;2008
Sorgo;18000;Tala;2009
Sorgo;22500;Tala;2010
Sorgo;42740;Tala;2011
Sorgo;29440;Tala;2012
Sorgo;13760;Tala;2013
Sorgo;23230;Tala;2014
Sorgo;17760;Tala;2015
Sorgo;31800;Tala;2016
Sorgo;12250;Tala;2017
Sorgo;6750;Tala;2018
Sorgo;17680;Tala;2019
Sorgo;26600;Tala;2020
Sorgo;18500;Tala;2021
Sorgo;7740;Uruguay;2000
Sorgo;11930;Uruguay;2001
Sorgo;16170;Uruguay;2002
Sorgo;16800;Uruguay;2003
Sorgo;24000;Uruguay;2004
Sorgo;15700;Uruguay;2005
Sorgo;26770;Uruguay;2006
Sorgo;35360;Uruguay;2007
Sorgo;20900;Uruguay;2008
Sorgo;28350;Uruguay;2009
Sorgo;28350;Uruguay;2010
Sorgo;70400;Uruguay;2011
Sorgo;34880;Uruguay;2012
Sorgo;40500;Uruguay;2013
Sorgo;29475;Uruguay;2014
Sorgo;22040;Uruguay;2015
Sorgo;55650;Uruguay;2016
Sorgo;18000;Uruguay;2017
Sorgo;27560;Uruguay;2018
Sorgo;12650;Uruguay;2019
Sorgo;36540;Uruguay;2020
Sorgo;19760;Uruguay;2021
Sorgo;7150;Victoria;2000
Sorgo;3850;Victoria;2001
Sorgo;15950;Victoria;2002
Sorgo;4400;Victoria;2003
Sorgo;8100;Victoria;2004
Sorgo;4500;Victoria;2005
Sorgo;10200;Victoria;2006
Sorgo;15130;Victoria;2007
Sorgo;11400;Victoria;2008
Sorgo;17500;Victoria;2009
Sorgo;22000;Victoria;2010
Sorgo;76310;Victoria;2011
Sorgo;16450;Victoria;2012
Sorgo;6750;Victoria;2013
Sorgo;7540;Victoria;2014
Sorgo;6300;Victoria;2015
Sorgo;18150;Victoria;2016
Sorgo;5850;Victoria;2017
Sorgo;5415;Victoria;2018
Sorgo;5510;Victoria;2019
Sorgo;35550;Victoria;2020
Sorgo;19250;Victoria;2021
Sorgo;28380;Villaguay;2000
Sorgo;14400;Villaguay;2001
Sorgo;26800;Villaguay;2002
Sorgo;32400;Villaguay;2003
Sorgo;40000;Villaguay;2004
Sorgo;23280;Villaguay;2005
Sorgo;47000;Villaguay;2006
Sorgo;70560;Villaguay;2007
Sorgo;33250;Villaguay;2008
Sorgo;40250;Villaguay;2009
Sorgo;63000;Villaguay;2010
Sorgo;88800;Villaguay;2011
Sorgo;66220;Villaguay;2012
Sorgo;39900;Villaguay;2013
Sorgo;22540;Villaguay;2014
Sorgo;18000;Villaguay;2015
Sorgo;57600;Villaguay;2016
Sorgo;24050;Villaguay;2017
Sorgo;67310;Villaguay;2018
Sorgo;37500;Villaguay;2019
Sorgo;60680;Villaguay;2020
Sorgo;40800;Villaguay;2021
Trigo candeal;63;Diamante;2020
Trigo candeal;375;Parana;2020
Trigo total;8400;Colon;2000
Trigo total;6800;Colon;2001
Trigo total;4070;Colon;2002
Trigo total;9700;Colon;2003
Trigo total;8750;Colon;2004
Trigo total;3450;Colon;2005
Trigo total;10150;Colon;2006
Trigo total;7935;Colon;2007
Trigo total;9800;Colon;2008
Trigo total;29130;Colon;2009
Trigo total;16007;Colon;2010
Trigo total;15300;Colon;2011
Trigo total;3995;Colon;2012
Trigo total;8400;Colon;2013
Trigo total;10000;Colon;2014
Trigo total;8680;Colon;2015
Trigo total;12204;Colon;2016
Trigo total;11550;Colon;2017
Trigo total;19200;Colon;2018
Trigo total;13230;Colon;2019
Trigo total;14300;Colon;2020
Trigo total;36000;Colon;2021
Trigo total;34410;Colon;2022
Trigo total;8600;Concordia;2000
Trigo total;8100;Concordia;2001
Trigo total;4500;Concordia;2002
Trigo total;7200;Concordia;2003
Trigo total;7700;Concordia;2004
Trigo total;6480;Concordia;2005
Trigo total;7680;Concordia;2006
Trigo total;9620;Concordia;2007
Trigo total;9360;Concordia;2008
Trigo total;17840;Concordia;2009
Trigo total;14045;Concordia;2010
Trigo total;11310;Concordia;2011
Trigo total;8505;Concordia;2012
Trigo total;7920;Concordia;2013
Trigo total;5440;Concordia;2014
Trigo total;10400;Concordia;2015
Trigo total;8892;Concordia;2016
Trigo total;12000;Concordia;2017
Trigo total;19250;Concordia;2018
Trigo total;14300;Concordia;2019
Trigo total;13750;Concordia;2020
Trigo total;16500;Concordia;2021
Trigo total;17050;Concordia;2022
Trigo total;118000;Diamante;2000
Trigo total;93000;Diamante;2001
Trigo total;88200;Diamante;2002
Trigo total;114550;Diamante;2003
Trigo total;139200;Diamante;2004
Trigo total;133000;Diamante;2005
Trigo total;150500;Diamante;2006
Trigo total;172800;Diamante;2007
Trigo total;44000;Diamante;2008
Trigo total;204890;Diamante;2009
Trigo total;165131;Diamante;2010
Trigo total;159510;Diamante;2011
Trigo total;103950;Diamante;2012
Trigo total;144000;Diamante;2013
Trigo total;127185;Diamante;2014
Trigo total;90651;Diamante;2015
Trigo total;129570;Diamante;2016
Trigo total;137430;Diamante;2017
Trigo total;173900;Diamante;2018
Trigo total;142600;Diamante;2019
Trigo total;113583;Diamante;2020
Trigo total;157080;Diamante;2021
Trigo total;156800;Diamante;2022
Trigo total;3800;Federacion;2000
Trigo total;2400;Federacion;2001
Trigo total;950;Federacion;2002
Trigo total;1320;Federacion;2003
Trigo total;1800;Federacion;2004
Trigo total;1600;Federacion;2005
Trigo total;3120;Federacion;2006
Trigo total;4420;Federacion;2007
Trigo total;4800;Federacion;2008
Trigo total;8090;Federacion;2009
Trigo total;6320;Federacion;2010
Trigo total;4320;Federacion;2011
Trigo total;3780;Federacion;2012
Trigo total;2200;Federacion;2013
Trigo total;1760;Federacion;2014
Trigo total;7200;Federacion;2015
Trigo total;9724;Federacion;2016
Trigo total;8800;Federacion;2017
Trigo total;14700;Federacion;2018
Trigo total;6875;Federacion;2019
Trigo total;9100;Federacion;2020
Trigo total;9800;Federacion;2021
Trigo total;13120;Federacion;2022
Trigo total;7600;Federal;2000
Trigo total;6000;Federal;2001
Trigo total;2100;Federal;2002
Trigo total;2990;Federal;2003
Trigo total;3600;Federal;2004
Trigo total;2880;Federal;2005
Trigo total;3840;Federal;2006
Trigo total;9620;Federal;2007
Trigo total;7200;Federal;2008
Trigo total;16810;Federal;2009
Trigo total;11205;Federal;2010
Trigo total;11600;Federal;2011
Trigo total;7875;Federal;2012
Trigo total;8880;Federal;2013
Trigo total;10920;Federal;2014
Trigo total;13440;Federal;2015
Trigo total;18880;Federal;2016
Trigo total;19040;Federal;2017
Trigo total;24480;Federal;2018
Trigo total;18750;Federal;2019
Trigo total;19500;Federal;2020
Trigo total;25500;Federal;2021
Trigo total;27900;Federal;2022
Trigo total;3960;Feliciano;2000
Trigo total;3100;Feliciano;2001
Trigo total;980;Feliciano;2002
Trigo total;2200;Feliciano;2003
Trigo total;1800;Feliciano;2004
Trigo total;1760;Feliciano;2005
Trigo total;2090;Feliciano;2006
Trigo total;3300;Feliciano;2007
Trigo total;3360;Feliciano;2008
Trigo total;7520;Feliciano;2009
Trigo total;5422;Feliciano;2010
Trigo total;3600;Feliciano;2011
Trigo total;2625;Feliciano;2012
Trigo total;2000;Feliciano;2013
Trigo total;1920;Feliciano;2014
Trigo total;4400;Feliciano;2015
Trigo total;6816;Feliciano;2016
Trigo total;5400;Feliciano;2017
Trigo total;10540;Feliciano;2018
Trigo total;9750;Feliciano;2019
Trigo total;14300;Feliciano;2020
Trigo total;18850;Feliciano;2021
Trigo total;20400;Feliciano;2022
Trigo total;60000;Gualeguay;2000
Trigo total;49000;Gualeguay;2001
Trigo total;51500;Gualeguay;2002
Trigo total;75000;Gualeguay;2003
Trigo total;89850;Gualeguay;2004
Trigo total;73600;Gualeguay;2005
Trigo total;81940;Gualeguay;2006
Trigo total;108900;Gualeguay;2007
Trigo total;38325;Gualeguay;2008
Trigo total;134900;Gualeguay;2009
Trigo total;114889;Gualeguay;2010
Trigo total;100450;Gualeguay;2011
Trigo total;44500;Gualeguay;2012
Trigo total;65100;Gualeguay;2013
Trigo total;59020;Gualeguay;2014
Trigo total;68970;Gualeguay;2015
Trigo total;79776;Gualeguay;2016
Trigo total;72500;Gualeguay;2017
Trigo total;136000;Gualeguay;2018
Trigo total;93000;Gualeguay;2019
Trigo total;106680;Gualeguay;2020
Trigo total;156000;Gualeguay;2021
Trigo total;123080;Gualeguay;2022
Trigo total;60500;Gualeguaychu;2000
Trigo total;50000;Gualeguaychu;2001
Trigo total;39440;Gualeguaychu;2002
Trigo total;62100;Gualeguaychu;2003
Trigo total;80780;Gualeguaychu;2004
Trigo total;79560;Gualeguaychu;2005
Trigo total;92160;Gualeguaychu;2006
Trigo total;78400;Gualeguaychu;2007
Trigo total;58300;Gualeguaychu;2008
Trigo total;159980;Gualeguaychu;2009
Trigo total;106628;Gualeguaychu;2010
Trigo total;112850;Gualeguaychu;2011
Trigo total;48400;Gualeguaychu;2012
Trigo total;137408;Gualeguaychu;2013
Trigo total;118000;Gualeguaychu;2014
Trigo total;81180;Gualeguaychu;2015
Trigo total;188542;Gualeguaychu;2016
Trigo total;138650;Gualeguaychu;2017
Trigo total;226800;Gualeguaychu;2018
Trigo total;165200;Gualeguaychu;2019
Trigo total;197200;Gualeguaychu;2020
Trigo total;259000;Gualeguaychu;2021
Trigo total;243780;Gualeguaychu;2022
Trigo total;23000;La Paz;2000
Trigo total;30000;La Paz;2001
Trigo total;20800;La Paz;2002
Trigo total;22000;La Paz;2003
Trigo total;23100;La Paz;2004
Trigo total;18225;La Paz;2005
Trigo total;27000;La Paz;2006
Trigo total;32000;La Paz;2007
Trigo total;30600;La Paz;2008
Trigo total;107180;La Paz;2009
Trigo total;88607;La Paz;2010
Trigo total;93600;La Paz;2011
Trigo total;63000;La Paz;2012
Trigo total;67200;La Paz;2013
Trigo total;72790;La Paz;2014
Trigo total;50750;La Paz;2015
Trigo total;52480;La Paz;2016
Trigo total;58800;La Paz;2017
Trigo total;79200;La Paz;2018
Trigo total;124800;La Paz;2019
Trigo total;139200;La Paz;2020
Trigo total;181350;La Paz;2021
Trigo total;208000;La Paz;2022
Trigo total;64500;Nogoya;2000
Trigo total;45000;Nogoya;2001
Trigo total;42500;Nogoya;2002
Trigo total;72000;Nogoya;2003
Trigo total;82650;Nogoya;2004
Trigo total;65000;Nogoya;2005
Trigo total;82650;Nogoya;2006
Trigo total;86213;Nogoya;2007
Trigo total;53900;Nogoya;2008
Trigo total;136670;Nogoya;2009
Trigo total;112772;Nogoya;2010
Trigo total;92535;Nogoya;2011
Trigo total;39094;Nogoya;2012
Trigo total;44415;Nogoya;2013
Trigo total;55680;Nogoya;2014
Trigo total;71120;Nogoya;2015
Trigo total;140672;Nogoya;2016
Trigo total;149805;Nogoya;2017
Trigo total;206500;Nogoya;2018
Trigo total;142695;Nogoya;2019
Trigo total;150000;Nogoya;2020
Trigo total;184800;Nogoya;2021
Trigo total;190400;Nogoya;2022
Trigo total;124000;Parana;2000
Trigo total;110000;Parana;2001
Trigo total;98800;Parana;2002
Trigo total;133920;Parana;2003
Trigo total;162000;Parana;2004
Trigo total;167145;Parana;2005
Trigo total;191400;Parana;2006
Trigo total;204000;Parana;2007
Trigo total;44000;Parana;2008
Trigo total;216330;Parana;2009
Trigo total;185888;Parana;2010
Trigo total;192660;Parana;2011
Trigo total;134400;Parana;2012
Trigo total;135000;Parana;2013
Trigo total;154330;Parana;2014
Trigo total;138880;Parana;2015
Trigo total;150280;Parana;2016
Trigo total;245790;Parana;2017
Trigo total;436600;Parana;2018
Trigo total;229050;Parana;2019
Trigo total;197415;Parana;2020
Trigo total;270400;Parana;2021
Trigo total;286400;Parana;2022
Trigo total;7125;San Salvador;2004
Trigo total;2350;San Salvador;2005
Trigo total;15400;San Salvador;2006
Trigo total;11445;San Salvador;2007
Trigo total;18850;San Salvador;2008
Trigo total;20310;San Salvador;2009
Trigo total;14406;San Salvador;2010
Trigo total;8835;San Salvador;2011
Trigo total;3255;San Salvador;2012
Trigo total;9200;San Salvador;2013
Trigo total;13200;San Salvador;2014
Trigo total;3500;San Salvador;2015
Trigo total;6102;San Salvador;2016
Trigo total;7350;San Salvador;2017
Trigo total;14400;San Salvador;2018
Trigo total;9000;San Salvador;2019
Trigo total;13200;San Salvador;2020
Trigo total;18000;San Salvador;2021
Trigo total;20739;San Salvador;2022
Trigo total;9600;Tala;2000
Trigo total;13000;Tala;2001
Trigo total;11468;Tala;2002
Trigo total;20000;Tala;2003
Trigo total;27300;Tala;2004
Trigo total;18550;Tala;2005
Trigo total;29000;Tala;2006
Trigo total;37800;Tala;2007
Trigo total;18260;Tala;2008
Trigo total;60670;Tala;2009
Trigo total;40276;Tala;2010
Trigo total;39238;Tala;2011
Trigo total;17248;Tala;2012
Trigo total;31500;Tala;2013
Trigo total;29210;Tala;2014
Trigo total;14300;Tala;2015
Trigo total;48420;Tala;2016
Trigo total;37575;Tala;2017
Trigo total;82250;Tala;2018
Trigo total;54340;Tala;2019
Trigo total;66640;Tala;2020
Trigo total;80000;Tala;2021
Trigo total;91200;Tala;2022
Trigo total;16800;Uruguay;2000
Trigo total;18000;Uruguay;2001
Trigo total;13425;Uruguay;2002
Trigo total;20000;Uruguay;2003
Trigo total;33410;Uruguay;2004
Trigo total;24750;Uruguay;2005
Trigo total;59160;Uruguay;2006
Trigo total;46845;Uruguay;2007
Trigo total;51350;Uruguay;2008
Trigo total;161490;Uruguay;2009
Trigo total;78383;Uruguay;2010
Trigo total;83880;Uruguay;2011
Trigo total;38786;Uruguay;2012
Trigo total;67100;Uruguay;2013
Trigo total;59110;Uruguay;2014
Trigo total;56100;Uruguay;2015
Trigo total;87552;Uruguay;2016
Trigo total;73750;Uruguay;2017
Trigo total;115500;Uruguay;2018
Trigo total;98400;Uruguay;2019
Trigo total;135430;Uruguay;2020
Trigo total;139500;Uruguay;2021
Trigo total;167280;Uruguay;2022
Trigo total;80000;Victoria;2000
Trigo total;71000;Victoria;2001
Trigo total;79800;Victoria;2002
Trigo total;96100;Victoria;2003
Trigo total;112200;Victoria;2004
Trigo total;100800;Victoria;2005
Trigo total;98340;Victoria;2006
Trigo total;111600;Victoria;2007
Trigo total;44520;Victoria;2008
Trigo total;138350;Victoria;2009
Trigo total;142514;Victoria;2010
Trigo total;117800;Victoria;2011
Trigo total;56970;Victoria;2012
Trigo total;76275;Victoria;2013
Trigo total;84500;Victoria;2014
Trigo total;69930;Victoria;2015
Trigo total;146268;Victoria;2016
Trigo total;96501;Victoria;2017
Trigo total;180500;Victoria;2018
Trigo total;125250;Victoria;2019
Trigo total;102750;Victoria;2020
Trigo total;195000;Victoria;2021
Trigo total;173440;Victoria;2022
Trigo total;13100;Villaguay;2000
Trigo total;20000;Villaguay;2001
Trigo total;6600;Villaguay;2002
Trigo total;16100;Villaguay;2003
Trigo total;22100;Villaguay;2004
Trigo total;12500;Villaguay;2005
Trigo total;34800;Villaguay;2006
Trigo total;29900;Villaguay;2007
Trigo total;27500;Villaguay;2008
Trigo total;57700;Villaguay;2009
Trigo total;27264;Villaguay;2010
Trigo total;34125;Villaguay;2011
Trigo total;10575;Villaguay;2012
Trigo total;23750;Villaguay;2013
Trigo total;27140;Villaguay;2014
Trigo total;17550;Villaguay;2015
Trigo total;35670;Villaguay;2016
Trigo total;35420;Villaguay;2017
Trigo total;81600;Villaguay;2018
Trigo total;56700;Villaguay;2019
Trigo total;127020;Villaguay;2020
Trigo total;131200;Villaguay;2021
Trigo total;168200;Villaguay;2022
